所在省,所在城市,学校,学校编号
北京市,北京市,北京大学,110110001
北京市,北京市,中国人民大学,110110002
北京市,北京市,清华大学,110110003
北京市,北京市,北京交通大学,110110004
北京市,北京市,北京工业大学,110110005
北京市,北京市,北京航空航天大学,110110006
北京市,北京市,北京理工大学,110110007
北京市,北京市,北京科技大学,110110008
北京市,北京市,北方工业大学,110110009
北京市,北京市,北京化工大学,110110010
北京市,北京市,北京工商大学,110110011
北京市,北京市,北京服装学院,110110012
北京市,北京市,北京邮电大学,110110013
北京市,北京市,北京印刷学院,110110015
北京市,北京市,北京建筑工程学院,110110016
北京市,北京市,北京石油化工学院,110110017
北京市,北京市,北京电子科技学院,110110018
北京市,北京市,中国农业大学,110110019
北京市,北京市,北京农学院,110110020
北京市,北京市,北京林业大学,110110022
北京市,北京市,北京协和医学院,110110023
北京市,北京市,首都医科大学,110110025
北京市,北京市,北京中医药大学,110110026
北京市,北京市,北京师范大学,110110027
北京市,北京市,首都师范大学,110110028
北京市,北京市,首都体育学院,110110029
北京市,北京市,北京外国语大学,110110030
北京市,北京市,北京第二外国语学院,110110031
北京市,北京市,北京语言大学,110110032
北京市,北京市,中国传媒大学,110110033
北京市,北京市,中央财经大学,110110034
北京市,北京市,对外经济贸易大学,110110036
北京市,北京市,北京物资学院,110110037
北京市,北京市,首都经济贸易大学,110110038
北京市,北京市,外交学院,110110040
北京市,北京市,中国人民公安大学,110110041
北京市,北京市,国际关系学院,110110042
北京市,北京市,北京体育大学,110110043
北京市,北京市,中央音乐学院,110110045
北京市,北京市,中国音乐学院,110110046
北京市,北京市,中央美术学院,110110047
北京市,北京市,中央戏剧学院,110110048
北京市,北京市,中国戏曲学院,110110049
北京市,北京市,北京电影学院,110110050
北京市,北京市,北京舞蹈学院,110110051
北京市,北京市,中国政法大学,110110053
北京市,北京市,华北电力大学(北京),110110054
北京市,北京市,中国民航大学,110110059
北京市,北京市,中国矿业大学,110110290
北京市,北京市,北京信息工程学院,110110772
北京市,北京市,北京工业职业技术学院,110110853
北京市,北京市,北京信息职业技术学院,110110857
北京市,北京市,北京电子科技职业学院,110110858
北京市,北京市,北京京北职业技术学院,110111090
北京市,北京市,中华女子学院,110111149
北京市,北京市,北京信息科技大学,110111232
北京市,北京市,中国石油大学,110111414
北京市,北京市,中国地质大学(北京),110111415
北京市,北京市,北京联合大学,110111417
北京市,北京市,海淀走读大学,110111418
北京市,北京市,中国青年政治学院,110111625
北京市,北京市,北京青年政治学院,110111626
北京市,北京市,防灾科技学院,110111775
北京市,北京市,首钢工学院,110111831
北京市,北京市,北京农业职业学院,110112448
北京市,北京市,北京政法职业学院,110112451
北京市,北京市,北京财贸职业学院,110112561
北京市,北京市,北京北大方正软件职业技术学院,110112564
北京市,北京市,北京经贸职业学院,110112565
北京市,北京市,北京经济技术职业学院,110112566
北京市,北京市,北京戏曲艺术职业学院,110112567
北京市,北京市,北京汇佳职业学院,110112568
北京市,北京市,北京科技经营管理学院,110112733
北京市,北京市,北京吉利大学,110112802
北京市,北京市,北京工商大学嘉华学院,110113630
北京市,北京市,北京科技职业学院,110113703
北京市,北京市,北京培黎职业学院,110113728
北京市,北京市,北京锡华国际经贸职业学院,110113826
北京市,北京市,北京化工大学北方学院,110113895
北京市,北京市,北京邮电大学世纪学院,110113901
北京市,北京市,北京工业大学耿丹学院,110113904
北京市,北京市,北京交通职业技术学院,110113910
北京市,北京市,北京警官学院,110114019
北京市,北京市,北京劳动保障职业学院,110114075
北京市,北京市,北京社会管理职业学院,110114139
北京市,北京市,北京交通运输职业学院,110114279
北京市,北京市,北京中美工商管理研修学院,110119503
北京市,北京市,中关村第一小学,110130001
北京市,北京市,北京师范大学附属实验中学,110140001
北京市,北京市,北京市财经学校,110140002
北京市,北京市,北京四中,110140003
北京市,北京市,北京现代职业学校,110140004
北京市,北京市,北京医学高等专科学校,110140005
北京市,北京市,北师大第二附属中学,110140006
北京市,北京市,第十九中学,110140007
北京市,北京市,清华大学附属中学,110140008
北京市,北京市,首都邮电培训学校,110140009
北京市,北京市,北京大学附属中学,110140010
北京市,北京市,北京教育学院,110150061
北京市,北京市,北京广播电视大学,110151160
北京市,北京市,中央广播电视大学,110151161
北京市,北京市,北京市经济管理干部学院,110151637
北京市,北京市,国家会计学院,110152002
北京市,北京市,北京爱迪学校,110170001
北京市,北京市,北京王府学校,110170002
北京市,北京市,北邮函授学院,110170003
北京市,北京市,华大高教自考培训学校,110170005
北京市,北京市,前进大学,110170006
北京市,北京市,中国医学科学院,110170007
北京市,北京市,中国科学院电工研究所,110180148
北京市,北京市,中国林业科学研究院,110182201
北京市,北京市,中国航天科技集团公司第一研究院,110183201
北京市,北京市,铁道部科学研究院,110183801
北京市,北京市,中共北京市委党校,110189611
北京市,北京市,国防大学,110190001
北京市,北京市,武警警种指挥学院,110190204
北京市,北京市,军事医学科学院,110190301
天津市,天津市,南开大学,120110055
天津市,天津市,天津大学,120110056
天津市,天津市,天津科技大学,120110057
天津市,天津市,天津工业大学,120110058
天津市,天津市,中国民航大学,120110059
天津市,天津市,天津理工大学,120110060
天津市,天津市,天津农学院,120110061
天津市,天津市,天津医科大学,120110062
天津市,天津市,天津中医学院,120110063
天津市,天津市,天津师范大学,120110065
天津市,天津市,天津职业技术师范学院,120110066
天津市,天津市,天津外国语学院,120110068
天津市,天津市,天津商业大学,120110069
天津市,天津市,天津财经大学,120110070
天津市,天津市,天津体育学院,120110071
天津市,天津市,天津美术学院,120110073
天津市,天津市,河北工业大学,120110080
天津市,天津市,天津城市建设学院,120110792
天津市,天津市,民办天狮职业技术学院,120110859
天津市,天津市,天津职业大学,120111032
天津市,天津市,天津中德职业技术学院,120112105
天津市,天津市,天津青年职业学院,120112535
天津市,天津市,天津轻工职业技术学院,120112732
天津市,天津市,天津对外经济贸易职业学院,120112788
天津市,天津市,天津工商职业技术学院,120112803
天津市,天津市,天津开发区职业技术学院,120112881
天津市,天津市,天津医科大学临床医学院,120113661
天津市,天津市,天津大学仁爱学院,120114038
天津市,天津市,天津建筑材料工业学校,120140001
天津市,天津市,天津实验中学,120140002
天津市,天津市,天津耀华中学,120140003
天津市,天津市,天津市广播电视大学,120151171
天津市,天津市,天津经济技术开发区国际学校,120170001
天津市,天津市,中国医学科学院放射医学研究所,120170002
天津市,天津市,武警指挥学院,120190201
河北省,石家庄市,石家庄经济学院,130110077
河北省,石家庄市,河北科技大学,130110082
河北省,石家庄市,河北医科大学,130110089
河北省,石家庄市,河北师范大学,130110094
河北省,石家庄市,石家庄学院,130110102
河北省,石家庄市,石家庄铁道学院,130110107
河北省,石家庄市,河北工业职业技术学院,130110873
河北省,石家庄市,河北体育学院,130111236
河北省,石家庄市,石家庄职业技术学院,130111238
河北省,石家庄市,河北经贸大学,130111832
河北省,石家庄市,中国防卫科技学院,130111971
河北省,石家庄市,石家庄铁路职业技术学院,130112424
河北省,石家庄市,石家庄外国语职业学院,130112783
河北省,石家庄市,河北艺术职业学院,130112885
河北省,石家庄市,河北交通职业技术学院,130113071
河北省,石家庄市,河北化工医药职业技术学院,130113072
河北省,石家庄市,石家庄信息工程职业学院,130113073
河北省,石家庄市,石家庄东方美术职业学院,130113075
河北省,石家庄市,石家庄邮电学院,130113397
河北省,石家庄市,石家庄工商学院,130113399
河北省,石家庄市,石家庄联合技术职业学院,130113400
河北省,石家庄市,河北女子职业技术学院,130113822
河北省,石家庄市,石家庄医学高等专科学校,130114081
河北省,石家庄市,河北省工运学校,130140001
河北省,石家庄市,河北省体育运动学校,130140002
河北省,石家庄市,白求恩医学专修学院,130140003
河北省,石家庄市,石家庄市第一中学,130140004
河北省,石家庄市,石家庄市第二中学,130140005
河北省,石家庄市,河北广播电视大学,130151177
河北省,石家庄市,河北管理干部学院,130151723
河北省,石家庄市,河北青年管理干部学院,130151802
河北省,石家庄市,河北经贸管理干部学院,130152013
河北省,石家庄市,河北安通驾驶员培训学校,130170001
河北省,石家庄市,军械工程学院,130190040
河北省,唐山市,河北理工大学,130210081
河北省,唐山市,华北煤炭医学院,130210090
河北省,唐山市,唐山师范学院,130210099
河北省,唐山市,唐山学院,130211033
河北省,唐山市,河北能源职业技术学院,130212418
河北省,唐山市,唐山工业职业技术学院,130212787
河北省,秦皇岛市,燕山大学,130310216
河北省,秦皇岛市,东北石油大学,130310220
河北省,秦皇岛市,河北科技师范学院,130310798
河北省,秦皇岛市,渤海石油职业学院,130313394
河北省,秦皇岛市,秦皇岛广播电视大学,130352014
河北省,邯郸市,河北工程大学,130410076
河北省,邯郸市,邯郸学院,130410103
河北省,邯郸市,邯郸职业技术学院,130411034
河北省,邢台市,邢台学院,130510104
河北省,邢台市,邢台职业技术学院,130511821
河北省,保定市,河北大学,130610075
河北省,保定市,华北电力大学(保定),130610079
河北省,保定市,河北农业大学,130610086
河北省,保定市,保定师范专科学校,130610096
河北省,保定市,保定金融高等专科学校,130611420
河北省,保定市,中央司法警官学院,130611903
河北省,保定市,河北软件职业技术学院,130612352
河北省,保定市,保定职业技术学院,130612543
河北省,保定市,华北电力大学科技学院,130613417
河北省,保定市,中国地质大学长城学院,130613891
河北省,保定市,职中,130640001
河北省,保定市,河北省职工医学院,130650144
河北省,张家口市,河北建筑工程学院,130710084
河北省,张家口市,河北北方学院,130710092
河北省,张家口市,张家口职业技术学院,130711423
河北省,张家口市,张家口市第一中学,130740001
河北省,张家口市,张家口教育学院,130750158
河北省,承德市,承德医学院,130810093
河北省,承德市,承德民族师范高等专科学校,130810098
河北省,承德市,承德民族职业技术学院,130811424
河北省,承德市,承德石油高等专科学校,130811777
河北省,沧州市,河北工程技术高等专科学校,130910085
河北省,沧州市,沧州师范专科学校,130910105
河北省,沧州市,沧州职业技术学院,130912415
河北省,廊坊市,廊坊师范学院,131010100
河北省,廊坊市,华北科技学院,131011104
河北省,廊坊市,中国人民武装警察部队学院,131011105
河北省,廊坊市,北华航天工业学院,131011629
河北省,廊坊市,防灾科技学院,131011775
河北省,廊坊市,河北石油职业技术学院,131012367
河北省,廊坊市,北京化工大学北方学院,131013895
河北省,衡水市,衡水学院,131110101
山西省,太原市,山西大学,140110108
山西省,太原市,太原科技大学,140110109
山西省,太原市,中北大学,140110110
山西省,太原市,太原理工大学,140110112
山西省,太原市,山西农业大学,140110113
山西省,太原市,山西医科大学,140110114
山西省,太原市,太原师范学院,140110119
山西省,太原市,山西财经大学,140110125
山西省,太原市,山西中医学院,140110809
山西省,太原市,太原大学,140111242
山西省,太原市,山西财政税务专科学校,140111630
山西省,太原市,山西建筑职业技术学院,140112775
山西省,太原市,山西生物应用职业技术学院,140112776
山西省,太原市,山西工程职业技术学院,140112777
山西省,太原市,山西交通职业技术学院,140112778
山西省,太原市,山西财贸职业技术学院,140112890
山西省,太原市,山西林业职业技术学院,140112891
山西省,太原市,山西综合职业技术学院,140113528
山西省,太原市,山西煤炭职业技术学院,140113529
山西省,太原市,山西工商职业学院,140113691
山西省,太原市,山西旅游职业学院,140113697
山西省,太原市,山西电力职业技术学院,140113745
山西省,太原市,山西轻工职业技术学院,140114247
山西省,太原市,广播电影电视管理干部学院,140150031
山西省,太原市,山西职工医学院,140150166
山西省,太原市,山西省广播电视大学,140151187
山西省,太原市,山西煤炭管理干部学院,140151189
山西省,太原市,山西经济管理干部学院,140151190
山西省,太原市,山西政法管理干部学院,140151787
山西省,大同市,雁北师范学院,140210120
山西省,大同市,北岳职业技术学院,140212780
山西省,阳泉市,阳泉职业技术学院,140312893
山西省,长治市,长治医学院,140410117
山西省,长治市,长治学院,140410122
山西省,长治市,长治职业技术学院,140412388
山西省,长治市,山西机电职业技术学院,140412888
山西省,长治市,潞安职业技术学院,140413695
山西省,晋城市,晋城职业技术学院,140512774
山西省,晋中市,山西农业大学,140710113
山西省,晋中市,晋中学院,140710121
山西省,晋中市,山西同文外国语学校,140713862
山西省,晋中市,山西晋中职业技术学院,140713913
山西省,运城市,运城学院,140810123
山西省,运城市,山西水利职业技术学院,140812892
山西省,运城市,山西运城农业职业技术学院,140813934
山西省,运城市,运城职业技术学院,140814226
山西省,忻州市,忻州师范学院,140910124
山西省,临汾市,山西师范大学,141010118
山西省,临汾市,临汾一中,141040001
山西省,吕梁市(离石),山西医科大学,141110114
山西省,吕梁市(离石),吕梁学院,141110812
山西省,吕梁市(离石),山西省吕梁地区教育学院,141150197
内蒙古,呼和浩特市,内蒙古大学,150110126
内蒙古,呼和浩特市,内蒙古工业大学,150110128
内蒙古,呼和浩特市,内蒙古农业大学,150110129
内蒙古,呼和浩特市,内蒙古医学院,150110132
内蒙古,呼和浩特市,内蒙古师范大学,150110135
内蒙古,呼和浩特市,内蒙古财经学院,150110139
内蒙古,呼和浩特市,内蒙古建筑职业技术学院,150110871
内蒙古,呼和浩特市,内蒙古民族高等专科学校,150111709
内蒙古,呼和浩特市,内蒙古电子学校,150112673
内蒙古,呼和浩特市,内蒙古化工职业学院,150112675
内蒙古,呼和浩特市,内蒙古警察职业学院,150112797
内蒙古,呼和浩特市,呼和浩特广播电视大学,150152020
内蒙古,呼和浩特市,中共内蒙古自治区委党校,150189615
内蒙古,包头市,内蒙古科技大学,150210127
内蒙古,包头市,包头医学院,150210133
内蒙古,包头市,包头师范学院,150210137
内蒙古,包头市,包头职业技术学院,150212057
内蒙古,包头市,包头钢铁职业技术学院,150213864
内蒙古,通辽市,内蒙古民族大学,150510136
内蒙古,呼伦贝尔市,呼伦贝尔学院,150710819
辽宁省,沈阳市,辽宁大学,210110140
辽宁省,沈阳市,沈阳工业大学,210110142
辽宁省,沈阳市,沈阳航空工业学院,210110143
辽宁省,沈阳市,沈阳理工大学,210110144
辽宁省,沈阳市,东北大学,210110145
辽宁省,沈阳市,沈阳化工学院,210110149
辽宁省,沈阳市,沈阳建筑大学,210110153
辽宁省,沈阳市,沈阳农业大学,210110157
辽宁省,沈阳市,中国医科大学,210110159
辽宁省,沈阳市,辽宁中医学院,210110162
辽宁省,沈阳市,沈阳药科大学,210110163
辽宁省,沈阳市,沈阳医学院,210110164
辽宁省,沈阳市,沈阳师范大学,210110166
辽宁省,沈阳市,东北财经大学,210110173
辽宁省,沈阳市,中国刑事警察学院,210110175
辽宁省,沈阳市,沈阳体育学院,210110176
辽宁省,沈阳市,沈阳音乐学院,210110177
辽宁省,沈阳市,鲁迅美术学院,210110178
辽宁省,沈阳市,沈阳大学,210111035
辽宁省,沈阳市,辽宁交通高等专科学校,210111500
辽宁省,沈阳市,沈阳工程学院,210111632
辽宁省,沈阳市,辽宁林业职业技术学院,210112593
辽宁省,沈阳市,沈阳职业技术学院,210112594
辽宁省,沈阳市,辽宁金融职业学院,210112895
辽宁省,沈阳市,辽宁广告职业学院,210112897
辽宁省,沈阳市,沈阳建筑大学城市建设学院,210113208
辽宁省,沈阳市,辽宁中医药大学杏林学院,210113609
辽宁省,沈阳市,沈阳化工大学科亚学院,210113621
辽宁省,沈阳市,辽宁商贸学院,210113960
辽宁省,沈阳市,第11中学,210140001
辽宁省,沈阳市,东北育才中学,210140002
辽宁省,沈阳市,辽宁省中小学,210140003
辽宁省,沈阳市,中国科学院沈阳计算技术研究所,210180133
辽宁省,沈阳市,中国航空研究院（601研究所）,210182903
辽宁省,大连市,大连理工大学,210210141
辽宁省,大连市,大连交通大学,210210150
辽宁省,大连市,大连海事大学,210210151
辽宁省,大连市,大连工业大学,210210152
辽宁省,大连市,大连水产学院,210210158
辽宁省,大连市,大连医科大学,210210161
辽宁省,大连市,辽宁师范大学,210210165
辽宁省,大连市,大连外国语学院,210210172
辽宁省,大连市,东北财经大学,210210173
辽宁省,大连市,辽宁对外经贸职业学院,210210841
辽宁省,大连市,大连大学,210211258
辽宁省,大连市,辽宁警官高等专科学校,210211432
辽宁省,大连市,辽宁税务高等专科学校,210211735
辽宁省,大连市,大连民族学院,210212026
辽宁省,大连市,大连商务职业学院,210212730
辽宁省,大连市,大连艺术职业学院,210212839
辽宁省,大连市,大连东软信息技术职业学院,210212840
辽宁省,大连市,大连交通大学信息工程学院,210213207
辽宁省,大连市,大连医科大学中山学院,210213212
辽宁省,大连市,辽宁师范大学海华学院,210213215
辽宁省,大连市,东北大学东软信息学院,210213631
辽宁省,大连市,大连软件职业学院,210213958
辽宁省,大连市,大连翻译职业学院,210213959
辽宁省,大连市,大连航运职业技术学院,210214209
辽宁省,大连市,大连广播电视大学,210251849
辽宁省,大连市,海军大连舰艇学院,210290046
辽宁省,鞍山市,辽宁科技大学,210310146
辽宁省,鞍山市,鞍山师范学院,210310169
辽宁省,鞍山市,鞍山市第一中学,210340001
辽宁省,抚顺市,辽宁石油化工大学,210410148
辽宁省,本溪市,辽宁科技学院,210511430
辽宁省,锦州市,辽宁工学院,210710154
辽宁省,锦州市,锦州医学院,210710160
辽宁省,锦州市,渤海大学,210710167
辽宁省,锦州市,锦州师范高等专科学校,210710180
辽宁省,锦州市,辽宁石化职业技术学院,210712900
辽宁省,锦州市,辽宁医学院医疗学院,210713213
辽宁省,锦州市,渤海大学文理学院,210713217
辽宁省,阜新市,辽宁工程技术大学,210910147
辽宁省,盘锦市,盘锦职业技术学院,211112063
辽宁省,盘锦市,辽河石油职业技术学院,211114077
辽宁省,朝阳市,朝阳师范高等专科学校,211310171
辽宁省,葫芦岛市,渤海船舶职业学院,211412931
吉林省,长春市,吉林大学,220110183
吉林省,长春市,长春理工大学,220110186
吉林省,长春市,长春工业大学,220110190
吉林省,长春市,吉林建筑工程学院,220110191
吉林省,长春市,吉林农业大学,220110193
吉林省,长春市,长春中医药大学,220110199
吉林省,长春市,东北师范大学,220110200
吉林省,长春市,吉林工程技术师范学院,220110204
吉林省,长春市,长春师范学院,220110205
吉林省,长春市,长春税务学院,220110207
吉林省,长春市,吉林艺术学院,220110209
吉林省,长春市,吉林华桥外国语学院,220110964
吉林省,长春市,吉林财税高等专科学校,220111261
吉林省,长春市,吉林商业高等专科学校,220111262
吉林省,长春市,吉林粮食高等专科学校,220111263
吉林省,长春市,长春汽车工业高等专科学校,220111436
吉林省,长春市,长春工程学院,220111437
吉林省,长春市,长春金融高等专科学校,220111440
吉林省,长春市,长春大学,220111726
吉林省,长春市,长春医学高等专科学校,220111823
吉林省,长春市,吉林交通职业技术学院,220112049
吉林省,长春市,长春东方职业学院,220112306
吉林省,长春市,吉林工业职业技术学院,220112903
吉林省,长春市,长春大学光华学院,220113600
吉林省,长春市,长春工业大学人文信息学院,220113601
吉林省,长春市,长春理工大学光电信息学院,220113602
吉林省,长春市,长春税务学院信息经济学院,220113603
吉林省,长春市,吉林建筑工程学院城建学院,220113604
吉林省,长春市,吉林建筑工程学院建筑装饰学院,220113605
吉林省,长春市,东北师范大学人文学院,220113662
吉林省,长春市,长春信息技术职业学院,220113916
吉林省,长春市,空军第二航空学院,220190057
吉林省,吉林市,东北电力大学,220210188
吉林省,吉林市,吉林化工学院,220210192
吉林省,吉林市,北华大学,220210201
吉林省,吉林市,吉林师范大学,220210203
吉林省,吉林市,吉林农业科技学院,220211439
吉林省,吉林市,吉林电子信息职业技术学院,220212902
吉林省,吉林市,吉林医药学院,220213706
吉林省,四平市,吉林师范大学,220310203
吉林省,四平市,吉林师范大学博达学院,220313622
吉林省,辽源市,辽源职业技术学院,220410847
吉林省,通化市,通化师范学院,220510202
吉林省,白城市,白城师范学院,220810206
吉林省,延吉市,延边大学,222410184
黑龙江省,哈尔滨市,黑龙江大学,230110212
黑龙江省,哈尔滨市,哈尔滨工业大学,230110213
黑龙江省,哈尔滨市,哈尔滨理工大学,230110214
黑龙江省,哈尔滨市,哈尔滨工程大学,230110217
黑龙江省,哈尔滨市,东北农业大学,230110224
黑龙江省,哈尔滨市,东北林业大学,230110225
黑龙江省,哈尔滨市,哈尔滨医科大学,230110226
黑龙江省,哈尔滨市,黑龙江中医药大学,230110228
黑龙江省,哈尔滨市,哈尔滨师范大学,230110231
黑龙江省,哈尔滨市,哈尔滨学院,230110234
黑龙江省,哈尔滨市,哈尔滨商业大学,230110240
黑龙江省,哈尔滨市,哈尔滨体育学院,230110242
黑龙江省,哈尔滨市,哈尔滨金融高等专科学校,230110245
黑龙江省,哈尔滨市,黑龙江东方学院,230111446
黑龙江省,哈尔滨市,黑龙江工程学院,230111802
黑龙江省,哈尔滨市,黑龙江建筑职业技术学院,230112053
黑龙江省,哈尔滨市,黑龙江农业工程职业学院,230112726
黑龙江省,哈尔滨市,哈尔滨电力职业技术学院,230112906
黑龙江省,哈尔滨市,黑龙江畜牧兽医职业学院,230112909
黑龙江省,哈尔滨市,哈尔滨德强商务学院,230113298
黑龙江省,哈尔滨市,哈尔滨理工大学远东学院,230113301
黑龙江省,哈尔滨市,黑龙江大学剑桥学院,230113303
黑龙江省,哈尔滨市,哈尔滨商业大学广厦学院,230113306
黑龙江省,哈尔滨市,哈尔滨工业大学华德应用技术学院,230113307
黑龙江省,哈尔滨市,复华小学,230130001
黑龙江省,哈尔滨市,中实学校,230140001
黑龙江省,哈尔滨市,第69中学,230140002
黑龙江省,哈尔滨市,黑龙江省广播电视大学,230151244
黑龙江省,哈尔滨市,哈尔滨市南岗教师进修学校,230152036
黑龙江省,齐齐哈尔市,齐齐哈尔大学,230210232
黑龙江省,齐齐哈尔市,齐齐哈尔职业学院,230212729
黑龙江省,鸡西市,黑龙江科技学院,230310219
黑龙江省,大庆市,东北石油大学,230610220
黑龙江省,大庆市,黑龙江八一农垦大学,230610223
黑龙江省,大庆市,大庆师范学院,230610235
黑龙江省,大庆市,大庆职工大学,230650329
黑龙江省,佳木斯市,佳木斯大学,230810222
黑龙江省,牡丹江市,牡丹江医学院,231010229
黑龙江省,牡丹江市,牡丹江师范学院,231010233
黑龙江省,牡丹江市,牡丹江大学,231011046
黑龙江省,牡丹江市,黑龙江林业职业技术学院,231012724
黑龙江省,牡丹江市,黑龙江农业经济职业学院,231012910
黑龙江省,牡丹江市,黑龙江商业职业学院,231013448
黑龙江省,牡丹江市,黑龙江幼儿师范高等专科学校,231014095
黑龙江省,绥化市,绥化学院,231210236
上海市,上海市,复旦大学,310110246
上海市,上海市,同济大学,310110247
上海市,上海市,上海交通大学,310110248
上海市,上海市,华东理工大学,310110251
上海市,上海市,上海理工大学,310110252
上海市,上海市,上海海事大学,310110254
上海市,上海市,东华大学,310110255
上海市,上海市,上海电力学院,310110256
上海市,上海市,上海应用技术学院,310110259
上海市,上海市,上海医疗器械高等专科学校,310110262
上海市,上海市,上海海洋大学,310110264
上海市,上海市,上海第二医科大学,310110266
上海市,上海市,上海中医药大学,310110268
上海市,上海市,华东师范大学,310110269
上海市,上海市,上海师范大学,310110270
上海市,上海市,上海外国语大学,310110271
上海市,上海市,上海财经大学,310110272
上海市,上海市,上海对外贸易学院,310110273
上海市,上海市,上海海关高等专科学校,310110274
上海市,上海市,上海旅游高等专科学校,310110275
上海市,上海市,华东政法学院,310110276
上海市,上海市,上海体育学院,310110277
上海市,上海市,上海戏剧学院,310110279
上海市,上海市,上海大学,310110280
上海市,上海市,上海公安高等专科学校,310110283
上海市,上海市,上海新侨职业技术学院,310110852
上海市,上海市,上海工程技术大学,310110856
上海市,上海市,上海立信会计学院,310111047
上海市,上海市,上海电机学院,310111458
上海市,上海市,上海金融学院,310111639
上海市,上海市,淮海工学院,310111641
上海市,上海市,上海出版印刷高等专科学校,310111733
上海市,上海市,上海杉达学院,310111833
上海市,上海市,青浦区上海政法学院,310111835
上海市,上海市,上海第二工业大学,310112044
上海市,上海市,上海商学院,310112050
上海市,上海市,上海行健职业学院,310112493
上海市,上海市,上海交通职业技术学院,310112497
上海市,上海市,上海海事职业技术学院,310112498
上海市,上海市,上海电子信息职业技术学院,310112499
上海市,上海市,上海民远职业技术学院,310112584
上海市,上海市,上海立达职业技术学院,310112587
上海市,上海市,上海工艺美术学院,310112588
上海市,上海市,上海建桥学院,310112799
上海市,上海市,上海工商外国语职业学院,310112800
上海市,上海市,上海科学技术职业学院,310112801
上海市,上海市,上海农林职业技术学院,310112912
上海市,上海市,中侨职业技术学院,310112915
上海市,上海市,上海建峰职业技术学院,310112916
上海市,上海市,复旦大学上海视觉艺术学院,310113632
上海市,上海市,上海外国语大学贤达经济人文学院,310113636
上海市,上海市,上海电影艺术职业学院,310113747
上海市,上海市,上海师范大学天华学院,310113893
上海市,上海市,上海工会管理职业学院,310114023
上海市,上海市,上海医药高等专科学校,310114033
上海市,上海市,东海职业技术学院,310114112
上海市,上海市,上海体育职业学院,310114179
上海市,上海市,上海交通大学医学院,310119248
上海市,上海市,上海信息技术学校,310140001
上海市,上海市,中国福利会少年宫,310140002
上海市,上海市,上海纺织工业职工大学,310150393
上海市,上海市,上海电视大学,310151252
上海市,上海市,上海市经济管理干部学院,310151613
上海市,上海市,浦东新区中国浦东干部学院,310152022
上海市,上海市,上海国家会计学院,310152023
上海市,上海市,上海经济管理干部学院,310152024
上海市,上海市,上海科技干部管理学院,310152025
上海市,上海市,上海建设职工大学,310152037
上海市,上海市,中国人民解放军第二军医大学,310190309
江苏省,南京市,南京大学,320110284
江苏省,南京市,东南大学,320110286
江苏省,南京市,南京航空航天大学,320110287
江苏省,南京市,南京理工大学,320110288
江苏省,南京市,南京工业大学,320110291
江苏省,南京市,常州大学,320110292
江苏省,南京市,南京邮电大学,320110293
江苏省,南京市,河海大学,320110294
江苏省,南京市,南京林业大学,320110298
江苏省,南京市,南京信息工程大学,320110300
江苏省,南京市,南京农业大学,320110307
江苏省,南京市,南京医科大学,320110312
江苏省,南京市,南京中医药大学,320110315
江苏省,南京市,中国药科大学,320110316
江苏省,南京市,南京师范大学,320110319
江苏省,南京市,南京财经大学,320110327
江苏省,南京市,江苏警官学院,320110329
江苏省,南京市,南京体育学院,320110330
江苏省,南京市,南京艺术学院,320110331
江苏省,南京市,金陵职业大学,320111048
江苏省,南京市,三江学院,320111122
江苏省,南京市,南京工程学院,320111276
江苏省,南京市,南京审计学院,320111287
江苏省,南京市,南京晓庄学院,320111460
江苏省,南京市,江苏经贸职业技术学院,320112047
江苏省,南京市,南京特殊教育职业技术学院,320112048
江苏省,南京市,南京森林公安高等专科学校,320112213
江苏省,南京市,江苏海事职业技术学院,320112679
江苏省,南京市,应天职业技术学院,320112680
江苏省,南京市,南京交通职业技术学院,320112804
江苏省,南京市,南京化工职业技术学院,320112920
江苏省,南京市,钟山职业技术学院,320112922
江苏省,南京市,金肯职业技术学院,320113100
江苏省,南京市,南京信息职业技术学院,320113112
江苏省,南京市,金陵科技学院,320113573
江苏省,南京市,中国传媒大学南广学院,320113687
江苏省,南京市,南京师范大学泰州学院,320113843
江苏省,南京市,南京中医药大学翰林学院,320113981
江苏省,南京市,南京机电职业技术学院,320114056
江苏省,南京市,南京地质学校,320140001
江苏省,南京市,南京铁路运输学校,320140002
江苏省,南京市,江苏教育学院,320150516
江苏省,南京市,江苏广播电视大学,320151255
江苏省,南京市,南京人口管理干部学院,320151256
江苏省,南京市,南京广播电视大学,320151396
江苏省,南京市,南京水利科学研究院,320182306
江苏省,南京市,解放军理工大学,320190006
江苏省,南京市,南京政治学院,320190024
江苏省,无锡市,江南大学,320210295
江苏省,无锡市,无锡职业技术学院,320210848
江苏省,无锡市,无锡科技职业学院,320212681
江苏省,无锡市,无锡商业职业技术学院,320212702
江苏省,无锡市,无锡南洋职业技术学院,320212923
江苏省,无锡市,江南影视艺术职业学院,320213017
江苏省,无锡市,江苏信息职业技术学院,320213108
江苏省,无锡市,无锡城市职业技术学院,320213748
江苏省,无锡市,无锡工艺职业技术学院,320213749
江苏省,徐州市,中国矿业大学,320310290
江苏省,徐州市,徐州医学院,320310313
江苏省,徐州市,徐州师范大学,320310320
江苏省,徐州市,徐州建筑学院,320310849
江苏省,徐州市,彭城职业大学,320311053
江苏省,徐州市,徐州工程学院,320311998
江苏省,徐州市,九州职业技术学院,320312054
江苏省,徐州市,徐州工业职业技术学院,320313107
江苏省,徐州市,徐州幼儿师范高等专科学校,320319514
江苏省,徐州市,徐州广播电视大学,320352019
江苏省,徐州市,中国人民解放军空军勤务学院,320390303
江苏省,常州市,常州大学,320410292
江苏省,常州市,河海大学,320410294
江苏省,常州市,常州工学院,320411055
江苏省,常州市,江苏技术师范学院,320411463
江苏省,常州市,常州信息职业技术学院,320412317
江苏省,常州市,常州纺织服装职业技术学院,320412807
江苏省,常州市,常州轻工职业技术学院,320413101
江苏省,常州市,常州工程职业技术学院,320413102
江苏省,常州市,常州机电职业技术学院,320413114
江苏省,常州市,常州技师学院,320440001
江苏省,常州市,武进高级中学,320440002
江苏省,常州市,武进横山桥中学,320440003
江苏省,常州市,武进洛阳中学,320440004
江苏省,常州市,武进三河口中学,320440005
江苏省,常州市,武进市横林中学,320440006
江苏省,苏州市,苏州大学,320510285
江苏省,苏州市,苏州科技大学,320510332
江苏省,苏州市,常熟理工学,320510333
江苏省,苏州市,中国科学技术大学,320510358
江苏省,苏州市,苏州工艺美术职业技术学院,320510960
江苏省,苏州市,苏州职业大学,320511054
江苏省,苏州市,沙洲职业工学院,320511288
江苏省,苏州市,硅湖职业技术学院,320512078
江苏省,苏州市,苏州经贸职业技术学院,320512685
江苏省,苏州市,苏州工业职业技术学院,320512686
江苏省,苏州市,苏州卫生职业技术学院,320512688
江苏省,苏州市,苏州农业职业技术学院,320512808
江苏省,苏州市,苏州工业园区职业技术学院,320512809
江苏省,苏州市,健雄职业技术学院,320513751
江苏省,苏州市,昆山登云科技职业学院,320513963
江苏省,苏州市,苏州实验小学,320530009
江苏省,南通市,南通大学,320610304
江苏省,南通市,南通纺织职业技术学院,320610958
江苏省,南通市,南通职业大学,320611052
江苏省,南通市,紫琅职业技术学院,320612056
江苏省,南通市,南通农业学校,320612684
江苏省,南通市,南通航运职业技术学院,320612703
江苏省,南通市,江苏商贸职业学院,320619511
江苏省,南通市,南通市第一中学,320640001
江苏省,南通市,南通中等专业学校,320640002
江苏省,南通市,江苏教育学院,320650516
江苏省,南通市,南通广播电视大学,320652035
江苏省,连云港市,连云港职业技术学院,320711050
江苏省,连云港市,连云港师范高等专科学校,320711585
江苏省,连云港市,淮海工学院,320711641
江苏省,淮安市,淮阴师范学院,320810323
江苏省,淮安市,淮阴工学院,320811049
江苏省,淮安市,淮安信息职业技术学院,320812805
江苏省,淮安市,炎黄职业技术学院,320812919
江苏省,淮安市,江苏食品职业技术学院,320813104
江苏省,淮安市,江苏财经职业技术学院,320813753
江苏省,盐城市,盐城工学院,320910305
江苏省,盐城市,盐城师范学院,320910324
江苏省,盐城市,民办明达职业技术学院,320910826
江苏省,盐城市,盐城卫生职业技术学院,320912682
江苏省,盐城市,盐城纺织职业技术学院,320913752
江苏省,盐城市,盐城商业学校,320940001
江苏省,盐城市,盐城卫生学校,320940002
江苏省,盐城市,盐城一中,320940003
江苏省,扬州市,扬州大学,321011117
江苏省,扬州市,扬州职业大学,321011462
江苏省,扬州市,扬州环境资源职业技术学院,321012683
江苏省,扬州市,江海职业技术学院,321013113
江苏省,扬州市,扬州工业职业技术学院,321013754
江苏省,扬州市,扬州教育学院,321050526
江苏省,镇江市,江苏科技大学,321110289
江苏省,镇江市,江苏大学,321110299
江苏省,镇江市,镇江市高等专科学校,321111051
江苏省,镇江市,江苏农林职业技术学院,321113103
江苏省,镇江市,江苏省交通技师学院,321140001
江苏省,镇江市,中国人民解放军镇江船艇学院,321190304
江苏省,泰州市,泰山医学院,321210439
江苏省,泰州市,泰州职业技术学院,321212106
江苏省,泰州市,江苏畜牧兽医职业技术学院,321212806
江苏省,泰州市,南京理工大学泰州科技学院,321213842
江苏省,泰州市,江苏畜牧兽医学校,321219513
江苏省,宿迁市,宿迁学院,321370002
浙江省,杭州市,浙江大学,330110335
浙江省,杭州市,杭州电子科技大学,330110336
浙江省,杭州市,浙江工业大学,330110337
浙江省,杭州市,浙江理工大学,330110338
浙江省,杭州市,浙江中医学院,330110344
浙江省,杭州市,杭州师范学院,330110346
浙江省,杭州市,浙江工商大学,330110353
浙江省,杭州市,中国美术学院,330110355
浙江省,杭州市,中国计量学院,330110356
浙江省,杭州市,浙江水利水电专科学校,330111481
浙江省,杭州市,浙江财经学院,330111482
浙江省,杭州市,浙江公安高等专科学校,330111483
浙江省,杭州市,浙江传媒学院,330111647
浙江省,杭州市,浙江树人学院,330111842
浙江省,杭州市,浙江交通职业技术学院,330112036
浙江省,杭州市,浙江机电职业技术学院,330112861
浙江省,杭州市,浙江经贸职业技术学院,330112864
浙江省,杭州市,浙江商业职业技术学院,330112865
浙江省,杭州市,浙江经济职业技术学院,330112866
浙江省,杭州市,浙江旅游职业学院,330112867
浙江省,杭州市,杭州职业技术学院,330112872
浙江省,杭州市,浙江大学城市学院,330113021
浙江省,杭州市,浙江医学高等专科学校,330113023
浙江省,杭州市,杭州师范学院钱江学院,330113286
浙江省,杭州市,杭州应用工程技术学院,330119519
浙江省,杭州市,余杭高级中学,330140001
浙江省,杭州市,杭州市第二中学,330140002
浙江省,杭州市,萧山中学,330140003
浙江省,杭州市,学军中学,330140004
浙江省,杭州市,浙江教育学院,330150557
浙江省,杭州市,杭州金融管理干部学院,330152033
浙江省,杭州市,杭州广播电视大学,330152034
浙江省,杭州市,中国林业科学研究院,330182201
浙江省,宁波市,浙江万里学院,330210876
浙江省,宁波市,宁波工程学院,330211058
浙江省,宁波市,宁波大学,330211646
浙江省,宁波市,宁波大红鹰职业技术学院,330213001
浙江省,宁波市,宁波卫生职业技术学院,330219518
浙江省,宁波市,余姚中学,330240001
浙江省,宁波市,宁波广播电视大学,330252031
浙江省,温州市,温州医学院,330310343
浙江省,温州市,温州职业技术学院,330310864
浙江省,温州市,温州大学,330311292
浙江省,温州市,浙江工贸职业技术学院,330312791
浙江省,温州市,浙江东方职业技术学院,330313002
浙江省,温州市,温州广播电视大学,330352029
浙江省,嘉兴市,嘉兴学院,330410354
浙江省,嘉兴市,嘉兴职业技术学院,330412874
浙江省,嘉兴市,嘉兴广播电视大学,330452032
浙江省,湖州市,湖州师范学院,330510347
浙江省,绍兴市,绍兴文理学院,330610349
浙江省,绍兴市,浙江工业职业技术学院,330612871
浙江省,金华市,浙江师范大学,330710345
浙江省,金华市,金华职业技术学院,330712061
浙江省,金华市,浙江广厦建设职业技术学院,330713029
浙江省,金华市,东阳中学,330740001
浙江省,金华市,义乌中学,330740002
浙江省,衢州市,衢州学院,330811488
浙江省,舟山市,浙江海洋学院,330910340
浙江省,台州市,台州学院,331010350
浙江省,台州市,台州职业技术学院,331012790
浙江省,台州市,台州广播电视大学,331052030
浙江省,丽水市,丽水学院,331110352
浙江省,丽水市,丽水职业技术学院,331112878
安徽省,合肥市,安徽大学,340110357
安徽省,合肥市,中国科学技术大学,340110358
安徽省,合肥市,合肥工业大学,340110359
安徽省,合肥市,安徽农业大学,340110364
安徽省,合肥市,安徽医科大学,340110366
安徽省,合肥市,安徽中医学院,340110369
安徽省,合肥市,安徽职业技术学院,340110869
安徽省,合肥市,安徽建筑工业学院,340110878
安徽省,合肥市,民办三联职业技术学院,340110959
安徽省,合肥市,合肥学院,340111059
安徽省,合肥市,安徽水利水电职业技术学院,340112073
安徽省,合肥市,安徽新华学院,340112216
安徽省,合肥市,安徽警官职业学院,340112219
安徽省,合肥市,安徽医学高等专科学校,340112925
安徽省,合肥市,安徽工商职业学院,340113340
安徽省,合肥市,安徽艺术职业学院,340113346
安徽省,合肥市,安徽审计职业学院,340113849
安徽省,合肥市,合肥师范学院,340114098
安徽省,合肥市,安徽绿海商务职业学院,340114133
安徽省,合肥市,合肥幼儿师范学校,340119502
安徽省,合肥市,合肥职工科技大学,340150569
安徽省,合肥市,安徽教育学院,340150575
安徽省,合肥市,安徽经济管理干部学院,340150581
安徽省,合肥市,中国人民解放军炮兵学院,340190014
安徽省,合肥市,中国人民解放军电子工程学院,340190019
安徽省,芜湖市,安徽工程科技学院,340210363
安徽省,芜湖市,皖南医学院,340210368
安徽省,芜湖市,安徽中医学院,340210369
安徽省,芜湖市,安徽师范大学,340210370
安徽省,芜湖市,芜湖师范专科学校,340210374
安徽省,芜湖市,安徽商贸职业技术学院,340212072
安徽省,芜湖市,安徽机电职业技术学院,340213339
安徽省,芜湖市,安徽工程大学机电学院,340213613
安徽省,蚌埠市,蚌埠医学院,340310367
安徽省,蚌埠市,安徽财经大学,340310378
安徽省,蚌埠市,蚌埠学院,340311305
安徽省,淮南市,安徽理工大学,340410361
安徽省,淮南市,淮南师范学院,340410381
安徽省,淮南市,淮南联合大学,340411308
安徽省,淮南市,淮南职业技术学院,340412220
安徽省,淮南市,安徽工贸职业技术学院,340412811
安徽省,马鞍山市,安徽工业大学,340510360
安徽省,马鞍山市,河海大学文天学院,340514203
安徽省,马鞍山市,马鞍山职业技术学院,340519501
安徽省,淮北市,淮北煤炭师范学院,340610373
安徽省,淮北市,淮北职业技术学院,340610963
安徽省,铜陵市,铜陵学院,340710383
安徽省,安庆市,安庆师范学院,340810372
安徽省,安庆市,安庆医药高等专科学校,340814096
安徽省,黄山市,黄山学院,341010375
安徽省,黄山市,屯溪一中,341040001
安徽省,滁州市,滁州学院,341110377
安徽省,滁州市,安徽技术师范学院,341110879
安徽省,滁州市,滁州职业技术学院,341113059
安徽省,阜阳市,阜阳师范学院,341210371
安徽省,阜阳市,阜阳职业技术学院,341212074
安徽省,宿州市,宿州学院,341310379
安徽省,巢湖市,巢湖学院,341410380
安徽省,六安市,皖西学院,341510376
安徽省,六安市,六安职业技术学院,341512813
安徽省,六安市,安徽国防科技职业学院,341513344
安徽省,亳州市,亳州师范高等专科学校,341612926
安徽省,亳州市,亳州职业技术学院,341613343
安徽省,池州市,池州学院,341711306
安徽省,宣城市,宣城职业技术学院,341813061
福建省,福州市,北京邮电大学,350110013
福建省,福州市,福州大学,350110386
福建省,福州市,福建工程学院,350110388
福建省,福州市,福建农林大学,350110389
福建省,福州市,福建医科大学,350110392
福建省,福州市,福建中医学院,350110393
福建省,福州市,福建师范大学,350110394
福建省,福州市,闽江学院,350110395
福建省,福州市,福建交通职业技术学院,350110866
福建省,福州市,福建商业高等专科学校,350111313
福建省,福州市,福建公安高等专科学校,350111495
福建省,福州市,福州职业技术学院,350111502
福建省,福州市,福建信息职业技术学院,350112626
福建省,福州市,福建金融职业技术学院,350113763
福建省,福州市,福建广播电视大学,350151270
福建省,福州市,福建省技术监督干部学校,350152003
福建省,厦门市,厦门大学,350210384
福建省,厦门市,集美大学,350210390
福建省,厦门市,厦门理工学院,350211062
福建省,厦门市,厦门医学院,350212631
福建省,厦门市,华侨大学厦门工学院,350213115
福建省,厦门市,厦门演艺职业学院,350213767
福建省,厦门市,厦门华天涉外职业技术学院,350213768
福建省,厦门市,厦门城市职业学院,350213973
福建省,厦门市,厦门软件职业技术学院,350214059
福建省,厦门市,厦门南洋职业学院,350214111
福建省,厦门市,厦门国家会计学院,350240004
福建省,莆田市,莆田学院,350311498
福建省,三明市,三明学院,350411311
福建省,三明市,福建水利电力职业技术学院,350412627
福建省,三明市,三明职业技术学院,350413976
福建省,泉州市,华侨大学,350510385
福建省,泉州市,泉州师范学院,350510399
福建省,泉州市,黎明职业大学,350511317
福建省,泉州市,仰恩大学,350511784
福建省,泉州市,泉州理工职业学院,350512928
福建省,泉州市,德化陶瓷职业技术学院,350513975
福建省,漳州市,厦门大学,350610384
福建省,漳州市,漳州师范学院,350610402
福建省,漳州市,漳州职业技术学院,350611314
福建省,漳州市,漳州天福茶职业技术学院,350614113
福建省,南平市,南平师范高等专科学校,350710397
福建省,南平市,福建林业职业技术学院,350712625
福建省,龙岩市,龙岩学院,350811312
福建省,宁德市,宁德师范高等专科学校,350910398
福建省,宁德市,宁德职业技术学院,350913977
江西省,南昌市,南昌大学,360110403
江西省,南昌市,华东交通大学,360110404
江西省,南昌市,南昌航空大学,360110406
江西省,南昌市,江西理工大学,360110407
江西省,南昌市,江西农业大学,360110410
江西省,南昌市,江西医学院,360110411
江西省,南昌市,江西中医学院,360110412
江西省,南昌市,江西师范大学,360110414
江西省,南昌市,江西财经大学,360110421
江西省,南昌市,蓝天职业技术学院,360110846
江西省,南昌市,江西科技师范学院,360111318
江西省,南昌市,南昌工程学院,360111319
江西省,南昌市,南昌理工学院,360112795
江西省,南昌市,江西旅游商贸职业学院,360112932
江西省,南昌市,江西艺术职业学院,360112936
江西省,南昌市,江西大宇职业技术学院,360113420
江西省,南昌市,江西护理职业技术学院,360113965
江西省,南昌市,江西涉外商务专修学院,360119515
江西省,南昌市,江西行政管理干部学院,360150151
江西省,南昌市,江西教育学院,360150618
江西省,南昌市,江西广播电视大学,360151281
江西省,南昌市,南昌教育学院,360151283
江西省,南昌市,江西经济管理干部学院,360151285
江西省,景德镇市,中国陶瓷大学,360210408
江西省,萍乡市,萍乡高等专科学校,360310895
江西省,九江市,九江职业大学,360411505
江西省,九江市,九江职业技术学院,360411785
江西省,九江市,九江学院,360411843
江西省,九江市,江西财经职业学院,360412941
江西省,新余市,新余高等专科学校,360511508
江西省,新余市,江西渝州科技职业学院,360512766
江西省,鹰潭市,鹰潭职业技术学院,360612937
江西省,赣州市,江西理工大学,360710407
江西省,赣州市,赣南医学院,360710413
江西省,赣州市,赣南师范学院,360710418
江西省,赣州市,江西环境工程职业学院,360712934
江西省,赣州市,江西应用技术职业学院,360712942
江西省,吉安市,井冈山师范学院,360810419
江西省,宜春市,宜春学院,360910417
江西省,抚州市,东华理工大学,361010405
江西省,抚州市,江西中医药高等专科学校,361013775
江西省,上饶市,上饶师范学院,361110416
山东省,济南市,山东大学,370110422
山东省,济南市,山东科技大学,370110424
山东省,济南市,济南大学,370110427
山东省,济南市,山东建筑大学,370110430
山东省,济南市,山东轻工业学院,370110431
山东省,济南市,山东中医药大学,370110441
山东省,济南市,临沂医学专科学校,370110442
山东省,济南市,山东师范大学,370110445
山东省,济南市,山东经济学院,370110456
山东省,济南市,山东体育学院,370110457
山东省,济南市,山东艺术学院,370110458
山东省,济南市,山东商业职业技术学院,370110832
山东省,济南市,山东工艺美术学院,370110908
山东省,济南市,山东警察学院,370111324
山东省,济南市,山东交通学院,370111510
山东省,济南市,山东财政学院,370111822
山东省,济南市,山东电力高等专科学校,370111827
山东省,济南市,济南铁道职业技术学院,370112328
山东省,济南市,中华女子学院山东分院,370112331
山东省,济南市,山东力明科技职业学院,370112844
山东省,济南市,山东圣翰财贸职业学院,370112945
山东省,济南市,山东英才职业技术学院,370113006
山东省,济南市,济南职业学院,370113323
山东省,济南市,山东协和职业技术学院,370113324
山东省,济南市,山东凯文科技职业学院,370113356
山东省,济南市,济南工程职业技术学院,370113855
山东省,济南市,山东电子职业技术学院,370113856
山东省,济南市,山东外事翻译职业学院,370113874
山东省,济南市,山东商务职业学院,370114078
山东省,济南市,山东政法学院,370114100
山东省,济南市,齐鲁师范学院,370114276
山东省,济南市,第四中学,370140001
山东省,济南市,山东省农业管理干部学院,370150651
山东省,济南市,山东省教育学院,370150652
山东省,济南市,山东广播电视大学,370151286
山东省,济南市,山东省青年管理干部学院,370151857
山东省,青岛市,中国海洋大学,370210423
山东省,青岛市,中国石油大学（华东）,370210425
山东省,青岛市,青岛科技大学,370210426
山东省,青岛市,青岛理工大学,370210429
山东省,青岛市,青岛农业大学,370210435
山东省,青岛市,青岛滨海学院,370210868
山东省,青岛市,青岛大学,370211065
山东省,青岛市,青岛职业技术学院,370212324
山东省,青岛市,青岛飞洋职业技术学院,370213005
山东省,青岛市,山东外贸职业学院,370213010
山东省,青岛市,青岛酒店管理职业技术学院,370213011
山东省,青岛市,青岛恒星职业技术学院,370213015
山东省,青岛市,青岛黄海职业学院,370213320
山东省,青岛市,青岛求实职业技术学院,370213321
山东省,青岛市,青岛理工大学琴岛学院,370213378
山东省,青岛市,中国海洋大学青岛学院,370213995
山东省,青岛市,嘉裕关公路学校,370230001
山东省,青岛市,胶州实验中学,370240001
山东省,青岛市,青岛远洋船员学院,370250636
山东省,淄博市,山东理工大学,370310433
山东省,淄博市,淄博职业学院,370313009
山东省,淄博市,山东工业职业学院,370313318
山东省,淄博市,山东淄博师范高等专科学校,370313777
山东省,淄博市,山东药品食品职业学院,370313966
山东省,枣庄市,枣庄学院,370410904
山东省,东营市,中国石油大学（华东）,370510425
山东省,东营市,东营职业学院,370512440
山东省,烟台市,中国农业大学,370610019
山东省,烟台市,青岛农业大学,370610435
山东省,烟台市,滨州医学院,370610440
山东省,烟台市,鲁东大学,370610451
山东省,烟台市,烟台大学,370611066
山东省,烟台市,山东工商学院,370611688
山东省,烟台市,山东南山职业技术学院,370612332
山东省,烟台市,烟台工程职业技术学院,370613355
山东省,烟台市,山东中医药高等专科学校,370613778
山东省,烟台市,烟台教育学院,370650657
山东省,潍坊市,潍坊医学院,370710438
山东省,潍坊市,潍坊学院,370711067
山东省,潍坊市,山东交通学院,370711510
山东省,潍坊市,山东科技职业学院,370712819
山东省,潍坊市,山东交通职业学院,370713008
山东省,济宁市,济宁医学院,370810443
山东省,济宁市,曲阜师范大学,370810446
山东省,济宁市,济宁师范专科学校,370810454
山东省,泰安市,山东科技大学,370910424
山东省,泰安市,山东农业大学,370910434
山东省,泰安市,泰山医学院,370910439
山东省,泰安市,泰山学院,370910453
山东省,泰安市,山东水利专科学校,370911323
山东省,泰安市,山东财政学院东方学院,370913999
山东省,威海市,哈尔滨工业大学,371010213
山东省,威海市,威海职业学院,371012326
山东省,威海市,山东大学威海分校,371019422
山东省,日照市,曲阜师范大学,371110446
山东省,日照市,日照职业技术学院,371112062
山东省,日照市,山东水利职业学院,371112946
山东省,莱芜市,莱芜职业技术学院,371212330
山东省,临沂市,青岛理工大学,371310429
山东省,临沂市,临沂医学专科学校,371310442
山东省,临沂市,临沂师范学院,371310452
山东省,临沂市,罗庄区第一中学,371340001
山东省,德州市,德州学院,371410448
山东省,德州市,德州科技职业学院,371412842
山东省,德州市,德州职业技术学院,371413389
山东省,德州市,山东华宇职业技术学院,371413857
山东省,聊城市,聊城大学,371510447
山东省,聊城市,聊城职业技术学院,371512441
山东省,滨州市,滨州医学院,371610440
山东省,滨州市,滨州学院,371610449
山东省,滨州市,滨州职业学院,371612818
山东省,菏泽市,菏泽医学专科学校,371710444
山东省,菏泽市,菏泽学院,371710455
河南省,郑州市,华北水利水电学院,410110078
河南省,郑州市,郑州大学,410110459
河南省,郑州市,河南理工大学,410110460
河南省,郑州市,郑州轻工业学院,410110462
河南省,郑州市,河南工业大学,410110463
河南省,郑州市,中原工学院,410110465
河南省,郑州市,河南农业大学,410110466
河南省,郑州市,河南科技学院,410110467
河南省,郑州市,郑州牧业工程高等专科学校,410110469
河南省,郑州市,河南中医学院,410110471
河南省,郑州市,河南财经学院,410110484
河南省,郑州市,郑州航空工业管理学院,410110485
河南省,郑州市,河南职业技术学院,410110824
河南省,郑州市,郑州铁路职业技术学院,410110843
河南省,郑州市,中州大学,410111068
河南省,郑州市,河南机电高等专科学校,410111329
河南省,郑州市,河南工程学院,410111517
河南省,郑州市,成都纺织高等专科学校,410111553
河南省,郑州市,河南商业高等专科学校,410111651
河南省,郑州市,河南财政税务高等专科学校,410111652
河南省,郑州市,河南警察学院,410111788
河南省,郑州市,黄河科技学院,410111834
河南省,郑州市,铁道警官高等专科学校,410112735
河南省,郑州市,郑州科技职业学院,410112746
河南省,郑州市,郑州华信学院,410112747
河南省,郑州市,河南工业职业技术学院,410112794
河南省,郑州市,郑州澍青医学高等专科学校,410112948
河南省,郑州市,郑州师范学院,410112949
河南省,郑州市,郑州经贸职业学院,410113497
河南省,郑州市,郑州交通学院,410113498
河南省,郑州市,河南检察职业学院,410113499
河南省,郑州市,河南师范大学新联学院,410113502
河南省,郑州市,中原工学院信息商务学院,410113508
河南省,郑州市,郑州电子信息职业技术学院,410113783
河南省,郑州市,嵩山少林武术职业学院,410113785
河南省,郑州市,河南经贸职业学院,410113788
河南省,郑州市,河南交通职业技术学院,410113789
河南省,郑州市,河南农业职业学院,410113790
河南省,郑州市,郑州旅游职业学院,410113791
河南省,郑州市,郑州职业技术学院,410113792
河南省,郑州市,河南工业贸易职业学院,410113936
河南省,郑州市,河南财经学院成功学院,410114040
河南省,郑州市,郑州电力职业技术学院,410114062
河南省,郑州市,河南建筑工程专科学校,410114181
河南省,郑州市,河南工业大学化工学院,410114307
河南省,郑州市,河南科技专修学院,410119507
河南省,郑州市,郑州商贸旅游职业学院,410119510
河南省,郑州市,郑州城市职业学院,410119520
河南省,郑州市,河南省财经学校,410140001
河南省,郑州市,河南省电子科技学校,410140002
河南省,郑州市,河南省工业学校,410140003
河南省,郑州市,河南省机械工业学校,410140004
河南省,郑州市,河南省轻工业学校,410140005
河南省,郑州市,郑州工业贸易学校,410140007
河南省,郑州市,郑州中等专科学校,410140008
河南省,郑州市,郑州经济管理干部学院,410150698
河南省,郑州市,河南教育学院,410150699
河南省,郑州市,河南广播电视大学,410151287
河南省,郑州市,河南卫生职工学院,410151288
河南省,郑州市,河南政法管理干部学院,410151289
河南省,郑州市,河南金融管理干部学院,410151623
河南省,郑州市,SIAS国际大学,410170001
河南省,开封市,河南大学,410210475
河南省,开封市,开封大学,410211069
河南省,开封市,黄河水利职业技术学院,410212058
河南省,开封市,河南省医药学校,410240001
河南省,开封市,河南广播电视大学,410251287
河南省,开封市,河南化学工业高级技工学校,410270002
河南省,洛阳市,河南科技大学,410310464
河南省,洛阳市,洛阳师范学院,410310482
河南省,洛阳市,洛阳大学,410311070
河南省,洛阳市,洛阳工业高等专科学校,410311515
河南省,洛阳市,河南林业学校,410319508
河南省,洛阳市,洛阳卫生学校,410340001
河南省,洛阳市,中国人民解放军外国语学院,410390009
河南省,平顶山市,平顶山学院,410410919
河南省,平顶山市,平顶山工学院,410411765
河南省,平顶山市,平顶山工业职业技术学院,410412748
河南省,平顶山市,河南质量工程职业学院,410413564
河南省,安阳市,安阳师范学院,410510479
河南省,安阳市,安阳工学院,410511330
河南省,鹤壁市,鹤壁职业技术学院,410612793
河南省,鹤壁市,鹤壁煤业技师学院,410640001
河南省,新乡市,河南科技学院,410710467
河南省,新乡市,新乡医学院,410710472
河南省,新乡市,河南师范大学,410710476
河南省,新乡市,平原大学,410711071
河南省,新乡市,河南机电高等专科学校,410711329
河南省,新乡市,新乡医学院三全学院,410713505
河南省,新乡市,新乡职业技术学院,410714245
河南省,新乡市,新乡工业贸易学校,410740001
河南省,新乡市,新乡广播电视大学,410752015
河南省,焦作市,河南理工大学,410810460
河南省,焦作市,河南工程学院,410811517
河南省,焦作市,焦作大学,410811522
河南省,焦作市,焦作师范高等专科学校,410812950
河南省,焦作市,河南理工大学万方科技学院,410813507
河南省,焦作市,焦作教育学院,410852017
河南省,濮阳市,濮阳职业技术学院,410911787
河南省,许昌市,许昌学院,411010480
河南省,许昌市,许昌职业技术学院,411012067
河南省,漯河市,漯河职业技术学院,411110835
河南省,漯河市,漯河医学高等专科学校,411113780
河南省,三门峡市,三门峡职业技术学院,411210842
河南省,南阳市,南阳师范学院,411310481
河南省,南阳市,南阳理工学院,411311653
河南省,南阳市,南阳医学高等专科学校,411313781
河南省,南阳市,南阳职业学院,411319509
河南省,商丘市,商丘师范学院,411410483
河南省,商丘市,商丘科技职业学院,411413500
河南省,商丘市,商丘市卫生学校,411413782
河南省,商丘市,永城职业学院,411413787
河南省,商丘市,河南农业大学华豫学院,411414003
河南省,信阳市,信阳师范学院,411510477
河南省,信阳市,信阳农业高等专科学校,411511326
河南省,信阳市,信阳师范学院华锐学院,411513503
河南省,信阳市,信阳职业技术学院,411513784
河南省,周口市,周口师范学院,411610478
河南省,周口市,周口职业技术学院,411612750
河南省,周口市,周口科技职业学院,411614169
河南省,周口市,周口广播电视大学,411652016
河南省,驻马店市,黄淮学院,411710918
河南省,驻马店市,驻马店财经学校,411740001
河南省,济源市,济源职业技术学院,411812768
湖北省,武汉市,武汉大学,420110486
湖北省,武汉市,华中科技大学,420110487
湖北省,武汉市,武汉科技大学,420110488
湖北省,武汉市,武汉工程大学,420110490
湖北省,武汉市,中国地质大学(武汉),420110491
湖北省,武汉市,武汉科技学院,420110495
湖北省,武汉市,武汉工业学院,420110496
湖北省,武汉市,武汉理工大学,420110497
湖北省,武汉市,湖北工业大学,420110500
湖北省,武汉市,华中农业大学,420110504
湖北省,武汉市,湖北中医学院,420110507
湖北省,武汉市,华中师范大学,420110511
湖北省,武汉市,湖北大学,420110512
湖北省,武汉市,中南财经政法大学,420110520
湖北省,武汉市,武汉体育学院,420110522
湖北省,武汉市,湖北美术学院,420110523
湖北省,武汉市,中南民族大学,420110524
湖北省,武汉市,武汉职业技术学院,420110834
湖北省,武汉市,长江职业学院,420110956
湖北省,武汉市,江汉大学,420111072
湖北省,武汉市,湖北警官学院,420111332
湖北省,武汉市,武汉音乐学院,420111524
湖北省,武汉市,湖北经济学院,420111600
湖北省,武汉市,武汉商业服务学院,420111654
湖北省,武汉市,武汉软件职业学院,420111795
湖北省,武汉市,武汉大学东湖分校,420111798
湖北省,武汉市,华中师范大学汉口分校,420111800
湖北省,武汉市,武汉船舶职业技术学院,420112052
湖北省,武汉市,华中科技大学武昌分校,420112309
湖北省,武汉市,武汉科技大学中南分校,420112310
湖北省,武汉市,武汉工贸职业学院,420112369
湖北省,武汉市,武汉生物工程学院,420112632
湖北省,武汉市,武汉工程职业技术学院,420112738
湖北省,武汉市,湖北交通职业技术学院,420112752
湖北省,武汉市,武汉航海职业技术学院,420112952
湖北省,武汉市,武汉铁路职业技术学院,420112977
湖北省,武汉市,武汉工交职业学院,420112978
湖北省,武汉市,武汉电力职业技术学院,420112981
湖北省,武汉市,湖北水利水电职业技术学院,420112982
湖北省,武汉市,湖北城市建设职业技术学院,420112983
湖北省,武汉市,湖北生物科技职业学院,420112985
湖北省,武汉市,武汉科技职业学院,420112987
湖北省,武汉市,武汉信息传播职业技术学院,420112989
湖北省,武汉市,武汉商贸职业学院,420112991
湖北省,武汉市,武汉科技大学城市学院,420113235
湖北省,武汉市,江汉大学文理学院,420113237
湖北省,武汉市,武汉工程大学邮电与信息工程学院,420113239
湖北省,武汉市,湖北省对外贸易贸易学校,420113240
湖北省,武汉市,武汉工业学院工商学院,420113241
湖北省,武汉市,中南民族大学工商学院,420113242
湖北省,武汉市,湖北工业大学商贸学院,420113247
湖北省,武汉市,湖北艺术职业学院,420113263
湖北省,武汉市,武汉交通职业学院,420113264
湖北省,武汉市,中南财经政法大学武汉学院,420113634
湖北省,武汉市,华中师范大学武汉影视工程学院,420113686
湖北省,武汉市,武汉工业职业技术学院,420113795
湖北省,武汉市,武汉民政职业学院,420113796
湖北省,武汉市,华中农业大学楚天学院,420114035
湖北省,武汉市,湖北邮电学校,420140001
湖北省,武汉市,武汉信息工程学校,420140002
湖北省,武汉市,武汉市广播电视大学,420150046
湖北省,武汉市,湖北省经济管理干部学院,420150756
湖北省,武汉市,湖北教育学院,420150760
湖北省,武汉市,湖北函授大学,420170001
湖北省,武汉市,武汉邮电科学研究院,420184011
湖北省,武汉市,军事经济学院,420190028
湖北省,武汉市,中国人民解放军海军工程大学,420190038
湖北省,武汉市,中国人民解放军第二炮兵指挥学院,420190059
湖北省,黄石市,湖北师范学院,420210513
湖北省,黄石市,黄石理工学院,420210920
湖北省,十堰市,郧阳师范高等专科学校,420310518
湖北省,十堰市,湖北汽车工业学院,420310525
湖北省,十堰市,郧阳医学院,420310929
湖北省,十堰市,十堰职业技术学院,420311334
湖北省,十堰市,郧阳医学院药护学院,420313249
湖北省,十堰市,十堰广播电视大学,420352018
湖北省,宜昌市,三峡大学,420511075
湖北省,宜昌市,湖北三峡职业技术学院,420512979
湖北省,宜昌市,三峡电力职业学院,420514061
湖北省,襄樊市,襄樊学院,420610519
湖北省,襄樊市,襄樊职业技术学院,420612354
湖北省,鄂州市,鄂州职业大学,420711335
湖北省,荆门市,荆楚理工学院,420811336
湖北省,荆门市,沙洋师范高等专科学校,420811794
湖北省,孝感市,孝感学院,420910528
湖北省,孝感市,湖北职业技术学院,420912051
湖北省,荆州市,长江大学工程技术学院,421013245
湖北省,荆州市,长江大学文理学院,421013246
湖北省,荆州市,湖北省国土资源工程学校,421013800
湖北省,黄冈市,黄冈师范学院,421110514
湖北省,黄冈市,黄冈职业技术学院,421110955
湖北省,黄冈市,鄂东职业技术学院,421113797
湖北省,咸宁市,咸宁学院,421210927
湖北省,咸宁市,咸宁职业技术学院,421213265
湖北省,恩施市,湖北民族学院,422810517
湖北省,恩施市,恩施职业技术学院,422812347
湖北省,神农架林区,江汉大学,429011072
湖北省,神农架林区,仙桃职业学院,429012740
湖北省,神农架林区,江汉艺术职业学院,429013793
湖南省,长沙市,湖南大学,430110532
湖南省,长沙市,中南大学,430110533
湖南省,长沙市,长沙交通学院,430110536
湖南省,长沙市,湖南农业大学,430110537
湖南省,长沙市,中南林学院,430110538
湖南省,长沙市,湖南中医学院,430110541
湖南省,长沙市,湖南师范大学,430110542
湖南省,长沙市,湖南商学院,430110554
湖南省,长沙市,长沙电力学院,430110556
湖南省,长沙市,湖南工业职业技术学院,430110830
湖南省,长沙市,湖南信息职业技术学院,430110865
湖南省,长沙市,湖南财经高等专科学校,430111532
湖南省,长沙市,湖南公安高等专科学校,430111534
湖南省,长沙市,湖南女子职业大学,430111538
湖南省,长沙市,湖南第一师范学院,430112034
湖南省,长沙市,长沙航空职业技术学院,430112055
湖南省,长沙市,湖南大众传媒职业技术学院,430112300
湖南省,长沙市,湖南涉外经济学院,430112303
湖南省,长沙市,湖南科技职业学院,430112304
湖南省,长沙市,湖南生物机电职业技术学院,430112343
湖南省,长沙市,湖南交通职业技术学院,430112397
湖南省,长沙市,湖南商务职业技术学院,430112401
湖南省,长沙市,湖南工程职业技术学院,430112425
湖南省,长沙市,湖南对外经济贸易职业学院,430112597
湖南省,长沙市,湖南司法警官职业学院,430112601
湖南省,长沙市,长沙商贸旅游职业技术学院,430112603
湖南省,长沙市,长沙通信职业技术学院,430112845
湖南省,长沙市,长沙环境保护职业技术学院,430113031
湖南省,长沙市,湖南机电职业技术学院,430113033
湖南省,长沙市,长沙师范专科学校,430113806
湖南省,长沙市,湖南水利水电职业技术学院,430113939
湖南省,长沙市,长沙市第一中学,430140001
湖南省,长沙市,湖南广播电视大学,430151306
湖南省,长沙市,湖南经济管理干部学院,430151313
湖南省,长沙市,国防大学,430190001
湖南省,长沙市,国防科技大学,430190002
湖南省,株洲市,中南林学院,430210538
湖南省,株洲市,株洲师范高等专科学校,430210836
湖南省,株洲市,湖南工业大学,430211535
湖南省,株洲市,湖南铁道职业技术学院,430212302
湖南省,株洲市,湖南中医药高等专科学校,430213802
湖南省,株洲市,株洲职业技术学院,430213937
湖南省,湘潭市,湘潭大学,430310530
湖南省,湘潭市,湖南科技大学,430310534
湖南省,湘潭市,湖南工程学院,430311342
湖南省,湘潭市,河南工程学院,430311517
湖南省,湘潭市,湖南工业大学,430311535
湖南省,衡阳市,衡阳师范学院,430410546
湖南省,衡阳市,南华大学,430410555
湖南省,衡阳市,湖南工学院,430411528
湖南省,衡阳市,湖南环境生物职业技术学院,430412739
湖南省,衡阳市,湖南交通工程职业技术学院,430413941
湖南省,邵阳市,邵阳学院,430510547
湖南省,邵阳市,邵阳卫生学校,430513803
湖南省,岳阳市,湖南理工学院,430610543
湖南省,岳阳市,岳阳职业技术学院,430613038
湖南省,岳阳市,湖南民族职业学院,430613804
湖南省,岳阳市,岳阳市第一中学,430640001
湖南省,常德市,常德师范学院,430710549
湖南省,常德市,常德职业技术学院,430713039
湖南省,常德市,澧县第一中学,430740001
湖南省,常德市,桃源县第一中学,430740002
湖南省,张家界市,张家界航空工业职业技术学院,430812849
湖南省,益阳市,湖南城市学院,430911527
湖南省,郴州市,郴州师范高等专科学校,431010545
湖南省,郴州市,郴州职业技术学院,431012847
湖南省,永州市,零陵学院,431110551
湖南省,永州市,湖南九嶷职业技术学院,431113922
湖南省,怀化市,怀化学院,431210548
湖南省,怀化市,怀化医学高等专科学校,431212214
湖南省,怀化市,怀化职业技术学院,431213037
湖南省,娄底市,湖南人文科技学院,431310553
湖南省,娄底市,娄底职业技术学院,431312848
湖南省,娄底市,潇湘职业学院,431313042
湖南省,吉首市,吉首大学,433110531
广东省,广州市,外交学院,440110040
广东省,广州市,中山大学,440110558
广东省,广州市,暨南大学,440110559
广东省,广州市,华南理工大学,440110561
广东省,广州市,华南农业大学,440110564
广东省,广州市,广州医学院,440110570
广东省,广州市,广东医学院,440110571
广东省,广州市,广州中医药大学,440110572
广东省,广州市,广东药学院,440110573
广东省,广州市,华南师范大学,440110574
广东省,广州市,惠州学院,440110577
广东省,广州市,广州体育学院,440110585
广东省,广州市,广州美术学院,440110586
广东省,广州市,星海音乐学院,440110587
广东省,广州市,广东技术师范学院,440110588
广东省,广州市,广东商学院,440110592
广东省,广州市,白云职业技术学院,440110822
广东省,广州市,广东轻工职业技术学院,440110833
广东省,广州市,广东交通职业技术学院,440110861
广东省,广州市,广东水利电力职业技术学院,440110862
广东省,广州市,广州大学,440111078
广东省,广州市,广州航海高等专科学校,440111106
广东省,广州市,民办南华工商学院,440111114
广东省,广州市,私立华联学院,440111121
广东省,广州市,仲恺农业技术学院,440111347
广东省,广州市,广东金融学院,440111540
广东省,广州市,广东工业大学,440111845
广东省,广州市,广东外语外贸大学,440111846
广东省,广州市,广州民航职业技术学院,440112040
广东省,广州市,番禺职业技术学院,440112046
广东省,广州市,广东培正学院,440112059
广东省,广州市,南方医科大学,440112121
广东省,广州市,广东农工商职业技术学院,440112322
广东省,广州市,广东科学技术职业学院,440112572
广东省,广州市,广东食品药品职业学院,440112573
广东省,广州市,广东体育职业技术学院,440112578
广东省,广州市,华南理工大学广州汽车学院,440112617
广东省,广州市,广东外语外贸大学南国商学院,440112620
广东省,广州市,广东商学院华商学院,440112621
广东省,广州市,广东技术师范学院天河学院,440112668
广东省,广州市,广东建设职业技术学院,440112741
广东省,广州市,广东女子职业技术学院,440112742
广东省,广州市,广东机电职业技术学院,440112743
广东省,广州市,广东岭南职业技术学院,440112749
广东省,广州市,广东邮电职业技术学院,440112953
广东省,广州市,广东工贸职业技术学院,440112959
广东省,广州市,广东外语艺术职业学院,440112962
广东省,广州市,广州大学松田学院,440113657
广东省,广州市,广东文艺职业学院,440113707
广东省,广州市,广州涉外经济职业技术学院,440113715
广东省,广州市,华立科技职业学院,440113928
广东省,广州市,广州城市职业学院,440113929
广东省,广州市,广州铁路职业技术学院,440113943
广东省,广州市,广东科贸职业学院,440114063
广东省,广州市,东圃幼儿园,440120001
广东省,广州市,广州市中六幼儿园,440120002
广东省,广州市,经济开发区第二幼儿园,440120003
广东省,广州市,经济开发区第一幼儿园,440120004
广东省,广州市,经济开发区萝岗幼儿园,440120005
广东省,广州市,萝岗区汤村小学,440120006
广东省,广州市,萝岗区洋田小学,440120007
广东省,广州市,八旗二马路小学,440130001
广东省,广州市,八一实验学校,440130002
广东省,广州市,白云路小学,440130003
广东省,广州市,白云区广园小学,440130004
广东省,广州市,白云区京溪小学,440130005
广东省,广州市,白云区景泰小学,440130006
广东省,广州市,白云区明德小学,440130007
广东省,广州市,白云区三元里小学,440130008
广东省,广州市,白云区太和第一小学,440130009
广东省,广州市,白云区同和小学,440130010
广东省,广州市,白云区握山小学,440130011
广东省,广州市,白云区萧岗小学,440130012
广东省,广州市,长兴小学,440130013
广东省,广州市,大塘街小学,440130014
广东省,广州市,东川路小学,440130015
广东省,广州市,东山区红火炬小学,440130016
广东省,广州市,东山区环市路小学,440130017
广东省,广州市,东山区梅花村小学,440130018
广东省,广州市,东山区清水濠第一小学,440130019
广东省,广州市,东山区实验小学,440130020
广东省,广州市,东山区署前路小学,440130021
广东省,广州市,东山区水荫路小学,440130022
广东省,广州市,东山区五羊第一小学,440130023
广东省,广州市,东山区先烈中路小学,440130024
广东省,广州市,东山区沿江东路小学,440130025
广东省,广州市,东山区永曜北小学,440130026
广东省,广州市,东山区执信南路小学,440130027
广东省,广州市,东山区中星小学,440130028
广东省,广州市,广州开发区第二小学,440130029
广东省,广州市,广州市八一希望学校,440130030
广东省,广州市,广州市东风西路小学,440130031
广东省,广州市,广州市天河区东圃小学,440130032
广东省,广州市,广州市天河区吉山小学,440130033
广东省,广州市,广州市天河区棠东小学,440130034
广东省,广州市,广州市天河区五山小学,440130035
广东省,广州市,广州市雅荷塘小学,440130036
广东省,广州市,广州市越秀区人民北路小学,440130037
广东省,广州市,广州市越秀区小北路小学,440130038
广东省,广州市,广州市真光小学,440130039
广东省,广州市,桂花岗小学,440130040
广东省,广州市,海康城小学,440130041
广东省,广州市,华景小学,440130042
广东省,广州市,华康小学,440130043
广东省,广州市,华南理工大学附小,440130044
广东省,广州市,黄边小学,440130045
广东省,广州市,黄花小学,440130046
广东省,广州市,建设大马路小学,440130047
广东省,广州市,建设六马路小学,440130048
广东省,广州市,江村小学,440130049
广东省,广州市,金坑小学,440130050
广东省,广州市,经济技术开发区黄陂小学,440130051
广东省,广州市,经济技术开发区火村小学,440130052
广东省,广州市,经济技术开发区联和小学,440130053
广东省,广州市,经济开发区笔岗小学,440130054
广东省,广州市,开发区长平小学,440130055
广东省,广州市,开发区第一小学,440130056
广东省,广州市,凌塘小学,440130057
广东省,广州市,龙岗路小学,440130058
广东省,广州市,萝岗区凤尾小学,440130059
广东省,广州市,萝岗区福洞小学,440130060
广东省,广州市,萝岗区何棠下小学,440130061
广东省,广州市,萝岗区九佛小学,440130062
广东省,广州市,萝岗区镇龙第一小学,440130063
广东省,广州市,萝岗区镇龙小学,440130064
广东省,广州市,盘福路小学,440130065
广东省,广州市,迁岗小学,440130066
广东省,广州市,泰安小学,440130067
广东省,广州市,棠德南小学,440130068
广东省,广州市,体育东路小学,440130069
广东省,广州市,天府路小学,440130070
广东省,广州市,天河区岑村小学,440130071
广东省,广州市,天河区长湴小学,440130072
广东省,广州市,天河区车陂小学,440130073
广东省,广州市,天河区登峰小学,440130074
广东省,广州市,天河区第一实验小学,440130075
广东省,广州市,天河区高塘石小学,440130076
广东省,广州市,天河区华成小学,440130077
广东省,广州市,天河区华阳小学,440130078
广东省,广州市,天河区黄村小学,440130079
广东省,广州市,天河区骏景小学,440130080
广东省,广州市,天河区柯木塱小学,440130081
广东省,广州市,天河区猎德小学,440130082
广东省,广州市,天河区龙洞小学,440130084
广东省,广州市,天河区龙口西小学,440130085
广东省,广州市,天河区沐陂小学,440130086
广东省,广州市,天河区前进小学,440130087
广东省,广州市,天河区侨乐小学,440130088
广东省,广州市,天河区沙河小学,440130089
广东省,广州市,天河区石牌小学,440130090
广东省,广州市,天河区四海小学,440130091
广东省,广州市,天河区棠下小学,440130092
广东省,广州市,天河区陶育路小学,440130093
广东省,广州市,天河区体育西路小学,440130094
广东省,广州市,天河区冼村小学,440130095
广东省,广州市,天河区新塘小学,440130096
广东省,广州市,天河区旭景小学,440130097
广东省,广州市,天河区银河小学,440130098
广东省,广州市,天河区渔沙坦小学,440130099
广东省,广州市,天河区元岗小学,440130100
广东省,广州市,天河区员村第六小学,440130101
广东省,广州市,天河区员村第五小学,440130102
广东省,广州市,天河区云山小学,440130103
广东省,广州市,天河区珠村小学,440130104
广东省,广州市,先烈东小学,440130105
广东省,广州市,新元小学,440130106
广东省,广州市,羊城花园小学,440130107
广东省,广州市,玉树小学,440130108
广东省,广州市,员村小学,440130109
广东省,广州市,培英中学,440140001
广东省,广州市,广州市育才中学,440140002
广东省,广州市,白云区华师附中新世界学校,440140003
广东省,广州市,白云区江高镇第二初级中学,440140004
广东省,广州市,白云区人和第一中学,440140005
广东省,广州市,白云区石井中学,440140006
广东省,广州市,白云区竹料第一中学,440140007
广东省,广州市,白云中学,440140008
广东省,广州市,长堤真光中学,440140009
广东省,广州市,从化第四中学,440140010
广东省,广州市,从化市第七中学,440140011
广东省,广州市,第113中学,440140012
广东省,广州市,第117中学,440140013
广东省,广州市,第25中学,440140014
广东省,广州市,第47中学,440140015
广东省,广州市,第63中学,440140016
广东省,广州市,第65中学,440140017
广东省,广州市,第67中学,440140018
广东省,广州市,第80中学,440140019
广东省,广州市,第85中学,440140020
广东省,广州市,第89中学,440140021
广东省,广州市,第91中学,440140022
广东省,广州市,第八十三中学,440140023
广东省,广州市,第八十一中学,440140024
广东省,广州市,第七十五中学,440140025
广东省,广州市,第七十一中学,440140026
广东省,广州市,第四十七中学汇景实验学校,440140028
广东省,广州市,第四十四中学,440140029
广东省,广州市,第一商业中等专业学校,440140030
广东省,广州市,第一一五中学,440140031
广东省,广州市,广州市第一中学,440140032
广东省,广州市,电子职业高级中学,440140033
广东省,广州市,东圃中学,440140034
广东省,广州市,东山区成人中等专业学校,440140035
广东省,广州市,番禺区农业中等专业学校,440140036
广东省,广州市,广东省财政学校,440140037
广东省,广州市,广东省对外贸易学校,440140038
广东省,广州市,广东水产学校,440140039
广东省,广州市,广雅中学,440140040
广东省,广州市,广园中学,440140041
广东省,广州市,广州财政学校,440140042
广东省,广州市,广州大学附属中学,440140043
广东省,广州市,广州大学试验中学,440140044
广东省,广州市,广州第二中学,440140045
广东省,广州市,广州电子信息学校,440140046
广东省,广州市,广州实验中学,440140047
广东省,广州市,广州市长兴中学,440140048
广东省,广州市,广州市第27中学,440140049
广东省,广州市,广州市第九十九中学,440140050
广东省,广州市,广州市第三十九中学,440140052
广东省,广州市,广州市第三十七中学,440140053
广东省,广州市,广州市第三十四中学,440140054
广东省,广州市,广州市第三中学,440140055
广东省,广州市,广州市第十八中学,440140056
广东省,广州市,广州市第十七中学,440140057
广东省,广州市,广州市第十中学,440140058
广东省,广州市,广州市第四十六中学,440140059
广东省,广州市,广州市第一一三中学,440140060
广东省,广州市,广州市纺织中专学校,440140061
广东省,广州市,广州市恒福中学,440140062
广东省,广州市,广州市建筑工程学校,440140063
广东省,广州市,广州市旅游商贸职业学校,440140064
广东省,广州市,广州市无线电中等专业学校,440140065
广东省,广州市,广州市信息工程职业学校,440140066
广东省,广州市,广州市知用中学,440140067
广东省,广州市,广州无线电中等专业学校,440140068
广东省,广州市,花都区秀全中学,440140069
广东省,广州市,花都区职业技术学校,440140070
广东省,广州市,华南理工大学附中,440140071
广东省,广州市,华颖中学,440140072
广东省,广州市,经济技术开发区南岗中学,440140073
广东省,广州市,骏景中学,440140074
广东省,广州市,开发区中学,440140075
广东省,广州市,萝岗区九佛第二中学,440140076
广东省,广州市,萝岗区九佛中学,440140077
广东省,广州市,萝岗区镇龙第二中学,440140078
广东省,广州市,萝岗区镇龙一中,440140079
广东省,广州市,萝岗中学,440140080
广东省,广州市,梅花中学,440140081
广东省,广州市,美术中学,440140082
广东省,广州市,沙东中学,440140083
广东省,广州市,市政建设中等专业学校,440140084
广东省,广州市,泰安中学,440140085
广东省,广州市,天河18中学,440140086
广东省,广州市,天河职业高级中学,440140087
广东省,广州市,天河中学,440140088
广东省,广州市,天华中学,440140089
广东省,广州市,天荣中学,440140090
广东省,广州市,天秀中学,440140091
广东省,广州市,铁一中学,440140092
广东省,广州市,同和中学,440140093
广东省,广州市,伟伦体育运动学校,440140094
广东省,广州市,五羊中学,440140095
广东省,广州市,协和高级中学,440140096
广东省,广州市,医药中等专业学校,440140097
广东省,广州市,执信中学,440140098
广东省,广州市,中学生劳动技术学校,440140099
广东省,广州市,广州市第七中学,440140100
广东省,广州市,东山区少年宫,440140101
广东省,广州市,广州市越秀区少年宫,440140102
广东省,广州市,天河中学高中部,440140103
广东省,广州市,华侨中学,440140104
广东省,广州市,广东教育学院,440150846
广东省,广州市,广东省广播电视大学,440151315
广东省,广州市,广州广播电视大学,440151393
广东省,广州市,广州商贸金融培训学校,440152005
广东省,广州市,广州市越秀区教师进修学校,440152006
广东省,广州市,天河区教师进修学校,440152007
广东省,广州市,广州市业余大学,440152008
广东省,广州市,东山区启智学校,440160001
广东省,广州市,聋人学校,440160002
广东省,广州市,新穗学校,440160003
广东省,广州市,广州华大自学考试辅导学校,440170002
广东省,广州市,华南师范大学增城康大学院,440170004
广东省,广州市,美国人国际学校,440170006
广东省,广州市,广东省新闻出版高级技工学校,440170007
广东省,广州市,武警广东指挥学校,440190302
广东省,韶关市,韶关学院,440210576
广东省,深圳市,深圳大学,440310590
广东省,深圳市,深圳职业技术学院,440311113
广东省,深圳市,深圳信息职业技术学院,440312957
广东省,深圳市,南山区蓓蕾幼儿园,440320001
广东省,深圳市,南山区大新幼儿园,440320002
广东省,深圳市,南山区机关幼儿园,440320003
广东省,深圳市,南山区教育幼儿园,440320004
广东省,深圳市,南山区西丽幼儿园,440320005
广东省,深圳市,白坭坑小学,440330001
广东省,深圳市,百花小学,440330002
广东省,深圳市,坂田宝岗小学,440330003
广东省,深圳市,坂田小学,440330004
广东省,深圳市,坂田雪象小学,440330005
广东省,深圳市,宝城小学,440330006
广东省,深圳市,保安小学,440330007
广东省,深圳市,北师大南山附属学校小学,440330008
广东省,深圳市,碧岭小学,440330009
广东省,深圳市,布吉木棉湾小学,440330010
广东省,深圳市,布吉水径小学,440330011
广东省,深圳市,大鹏第二小学,440330012
广东省,深圳市,鹅溪小学,440330013
广东省,深圳市,福田区福华小学,440330014
广东省,深圳市,福田区福民小学,440330015
广东省,深圳市,福田区福南小学,440330016
广东省,深圳市,福田区福强小学,440330017
广东省,深圳市,福田区福田小学,440330018
广东省,深圳市,福田区岗厦小学,440330019
广东省,深圳市,福田区华富小学,440330020
广东省,深圳市,福田区华新小学,440330021
广东省,深圳市,福田区金海小学,440330022
广东省,深圳市,福田区景莲小学,440330023
广东省,深圳市,福田区景龙小学,440330024
广东省,深圳市,福田区景鹏小学,440330025
广东省,深圳市,福田区景秀小学,440330026
广东省,深圳市,福田区荔园小学,440330027
广东省,深圳市,福田区莲花小学,440330028
广东省,深圳市,福田区绿洲小学,440330029
广东省,深圳市,福田区梅丽小学,440330030
广东省,深圳市,福田区梅林小学,440330031
广东省,深圳市,福田区梅山小学,440330032
广东省,深圳市,福田区南华小学,440330033
广东省,深圳市,福田区上步小学,440330034
广东省,深圳市,福田区狮岭小学,440330035
广东省,深圳市,福田区石厦小学,440330036
广东省,深圳市,福田区水围小学,440330037
广东省,深圳市,福田区新莲小学,440330038
广东省,深圳市,福田区新洲小学,440330039
广东省,深圳市,福田区益田小学,440330040
广东省,深圳市,福田区园岭小学,440330041
广东省,深圳市,福田区竹林小学,440330042
广东省,深圳市,福田区竹园小学,440330043
广东省,深圳市,辅城坳小学,440330044
广东省,深圳市,桂园小学,440330045
广东省,深圳市,海滨实验小学深圳湾部,440330046
广东省,深圳市,横岗安良小学,440330047
广东省,深圳市,横岗大康小学,440330048
广东省,深圳市,横岗菏坳小学,440330049
广东省,深圳市,横岗六约小学,440330050
广东省,深圳市,横岗四联小学,440330051
广东省,深圳市,红岭小学,440330052
广东省,深圳市,湖贝小学,440330053
广东省,深圳市,坑梓金田小学,440330054
广东省,深圳市,葵涌坝光小学,440330055
广东省,深圳市,葵涌第二小学,440330056
广东省,深圳市,龙城爱联小学,440330057
广东省,深圳市,龙城龙西小学,440330058
广东省,深圳市,龙城盛平小学,440330059
广东省,深圳市,龙岗区坂田街道花城小学,440330060
广东省,深圳市,龙岗区布吉街道莲花小学,440330061
广东省,深圳市,龙岗区布吉街道中心小学,440330062
广东省,深圳市,龙岗区大鹏街道中心小学,440330063
广东省,深圳市,龙岗区德兴小学,440330064
广东省,深圳市,龙岗区横岗街道中心小学,440330065
广东省,深圳市,龙岗区坑梓中心小学,440330066
广东省,深圳市,龙岗区葵涌街道中心小学,440330067
广东省,深圳市,龙岗区龙城小学,440330068
广东省,深圳市,龙岗区龙岗街道中心小学,440330069
广东省,深圳市,龙岗区龙园意境小学,440330070
广东省,深圳市,龙岗区平湖中心小学,440330071
广东省,深圳市,龙岗区坪地第一小学,440330072
广东省,深圳市,龙岗区坪山中心小学,440330073
广东省,深圳市,龙岗区五园小学,440330074
广东省,深圳市,龙岗区信义假日名城小学,440330075
广东省,深圳市,龙岗区阳光小学,440330076
广东省,深圳市,龙岗新生小学,440330077
广东省,深圳市,龙岗振新小学,440330078
广东省,深圳市,龙田小学,440330079
广东省,深圳市,罗湖区北斗小学,440330080
广东省,深圳市,罗湖区碧波小学,440330081
广东省,深圳市,罗湖区滨河小学,440330082
广东省,深圳市,罗湖区布心小学,440330083
广东省,深圳市,罗湖区草埔小学,440330084
广东省,深圳市,罗湖区翠北小学,440330085
广东省,深圳市,罗湖区翠茵小学,440330086
广东省,深圳市,罗湖区翠竹小学,440330087
广东省,深圳市,罗湖区大望小学,440330088
广东省,深圳市,罗湖区东昌小学,440330089
广东省,深圳市,罗湖区东晓小学,440330090
广东省,深圳市,罗湖区凤光小学,440330091
广东省,深圳市,罗湖区红桂小学,440330092
广东省,深圳市,罗湖区洪湖小学,440330093
广东省,深圳市,罗湖区华丽小学,440330094
广东省,深圳市,罗湖区锦田小学,440330095
广东省,深圳市,罗湖区景贝小学,440330096
广东省,深圳市,罗湖区靖轩小学,440330097
广东省,深圳市,罗湖区莲南小学,440330098
广东省,深圳市,罗湖区莲塘小学,440330099
广东省,深圳市,罗湖区罗芳小学校,440330100
广东省,深圳市,罗湖区螺岭小学,440330101
广东省,深圳市,罗湖区南湖小学,440330102
广东省,深圳市,罗湖区水库小学,440330103
广东省,深圳市,罗湖区笋岗小学,440330104
广东省,深圳市,罗湖区泰宁小学,440330105
广东省,深圳市,罗湖区铁路小学,440330106
广东省,深圳市,罗湖区梧桐小学,440330107
广东省,深圳市,罗湖区向西小学,440330108
广东省,深圳市,罗湖区新秀小学,440330109
广东省,深圳市,罗湖区怡景小学,440330110
广东省,深圳市,罗湖小学,440330111
广东省,深圳市,梅沙小学,440330112
广东省,深圳市,美莲小学,440330113
广东省,深圳市,南澳中心小学,440330114
广东省,深圳市,南山区白芒小学,440330115
广东省,深圳市,南山区滨海小学,440330116
广东省,深圳市,南山区茶光小学,440330117
广东省,深圳市,南山区赤湾小学,440330118
广东省,深圳市,南山区大冲小学,440330119
广东省,深圳市,南山区大磡小学,440330120
广东省,深圳市,南山区大新小学,440330121
广东省,深圳市,南山区东湾小学,440330122
广东省,深圳市,南山区海湾小学,440330123
广东省,深圳市,南山区后海小学,440330124
广东省,深圳市,南山区华府小学,440330125
广东省,深圳市,南山区华侨城小学,440330126
广东省,深圳市,南山区留仙小学,440330127
广东省,深圳市,南山区南海小学,440330128
广东省,深圳市,南山区南田小学,440330129
广东省,深圳市,南山区南头城小学,440330130
广东省,深圳市,南山区平山小学,440330131
广东省,深圳市,南山区前海小学,440330132
广东省,深圳市,南山区沙河小学,440330133
广东省,深圳市,南山区沙河新塘小学,440330134
广东省,深圳市,南山区蛇口振兴小学,440330135
广东省,深圳市,南山区松坪第二小学,440330136
广东省,深圳市,南山区松坪小学,440330137
广东省,深圳市,南山区塘朗小学,440330138
广东省,深圳市,南山区桃源小学,440330139
广东省,深圳市,南山区西丽第二小学,440330140
广东省,深圳市,南山区向南小学,440330141
广东省,深圳市,南山区学府小学,440330142
广东省,深圳市,南山区阳光小学,440330143
广东省,深圳市,南山区育才第二小学,440330144
广东省,深圳市,南山区育才第一小学,440330145
广东省,深圳市,南山区月亮湾小学,440330146
广东省,深圳市,南山区卓雅小学,440330147
广东省,深圳市,南山小学,440330148
广东省,深圳市,南山学府小学海珠部,440330149
广东省,深圳市,南湾南岭小学,440330150
广东省,深圳市,南湾沙湾小学,440330151
广东省,深圳市,南园小学,440330152
广东省,深圳市,南约小学,440330153
广东省,深圳市,鹏兴实验学校,440330154
广东省,深圳市,坪地第二小学,440330155
广东省,深圳市,坪地六联小学,440330156
广东省,深圳市,坪地中心小学,440330157
广东省,深圳市,坪山第二小学,440330158
广东省,深圳市,坪山六联小学,440330159
广东省,深圳市,坪山汤坑小学,440330160
广东省,深圳市,清林小学,440330161
广东省,深圳市,人民小学,440330162
广东省,深圳市,沙西小学,440330163
广东省,深圳市,蛇口小学,440330164
广东省,深圳市,蛇口育才教育集团第三小学,440330165
广东省,深圳市,深大师院第二附属学校小学部,440330166
广东省,深圳市,深圳小学,440330167
广东省,深圳市,水田小学,440330168
广东省,深圳市,同乐主力小学,440330169
广东省,深圳市,西冲小学,440330170
广东省,深圳市,西坑小学,440330171
广东省,深圳市,西丽小学,440330172
广东省,深圳市,西乡镇中心小学,440330173
广东省,深圳市,溪涌小学,440330174
广东省,深圳市,下李郎小学,440330175
广东省,深圳市,新港小学,440330176
广东省,深圳市,新沙小学,440330177
广东省,深圳市,盐田区东和小学,440330178
广东省,深圳市,盐田区海涛小学,440330179
广东省,深圳市,盐田区乐群小学,440330180
广东省,深圳市,盐田区林园小学,440330181
广东省,深圳市,盐田区田东小学,440330182
广东省,深圳市,盐田区田心小学,440330183
广东省,深圳市,盐田区外国语小学,440330184
广东省,深圳市,育才舒曼艺术学校,440330185
广东省,深圳市,育贤小学,440330186
广东省,深圳市,中心实验小学,440330187
广东省,深圳市,众孚小学,440330188
广东省,深圳市,珠光小学,440330189
广东省,深圳市,育才三中,440340001
广东省,深圳市,深圳市育才中学,440340002
广东省,深圳市,宝安翻身实验学校,440340003
广东省,深圳市,宝安中学,440340004
广东省,深圳市,北师大附中深圳南山分校,440340005
广东省,深圳市,北师大深圳南山区附属学校,440340006
广东省,深圳市,博伦职业技术学校,440340007
广东省,深圳市,布心中学,440340008
广东省,深圳市,翠园中学东晓分校,440340009
广东省,深圳市,福田区北环中学,440340010
广东省,深圳市,福田区岗厦中学,440340011
广东省,深圳市,福田区红岭中学,440340012
广东省,深圳市,福田区华富中学,440340013
广东省,深圳市,福田区华强职业技术学校,440340014
广东省,深圳市,福田区皇岗中学,440340015
广东省,深圳市,福田区莲花中学,440340016
广东省,深圳市,福田区梅林中学,440340017
广东省,深圳市,福田区梅山中学,440340018
广东省,深圳市,福田区上步中学,440340019
广东省,深圳市,福田区深南中学,440340020
广东省,深圳市,福田区石厦中学,440340021
广东省,深圳市,福田区新洲中学,440340022
广东省,深圳市,福田区竹林中学,440340023
广东省,深圳市,福田中学,440340024
广东省,深圳市,庚子首义中山纪念学校,440340025
广东省,深圳市,海滨中学,440340026
广东省,深圳市,华强职业学校,440340027
广东省,深圳市,龙城初级中学,440340028
广东省,深圳市,龙岗南联学校,440340029
广东省,深圳市,龙岗区布吉高级中学,440340030
广东省,深圳市,龙岗区布吉中学,440340031
广东省,深圳市,龙岗区大鹏华侨中学,440340032
广东省,深圳市,龙岗区福安学校,440340033
广东省,深圳市,龙岗区光祖中学,440340034
广东省,深圳市,龙岗区横岗梧桐学校,440340035
广东省,深圳市,龙岗区横岗中学,440340036
广东省,深圳市,龙岗区可园学校,440340037
广东省,深圳市,龙岗区葵涌中学,440340038
广东省,深圳市,龙岗区龙城高级中学,440340039
广东省,深圳市,龙岗区龙岗中学,440340040
广东省,深圳市,龙岗区龙岭学校,440340041
广东省,深圳市,龙岗区龙翔学校,440340042
广东省,深圳市,龙岗区南澳中学,440340043
广东省,深圳市,龙岗区平湖中学,440340044
广东省,深圳市,龙岗区坪山高级中学,440340045
广东省,深圳市,龙岗区坪山中学,440340046
广东省,深圳市,龙岗区实验学校,440340047
广东省,深圳市,龙岗区新梓学校,440340048
广东省,深圳市,龙岗万科城实验学校,440340049
广东省,深圳市,龙岗新亚洲学校,440340050
广东省,深圳市,龙岗职业技术学校,440340051
广东省,深圳市,罗芳中学,440340052
广东省,深圳市,罗湖翠园初中,440340053
广东省,深圳市,罗湖区奥斯翰外语学校,440340054
广东省,深圳市,罗湖区滨河中学,440340055
广东省,深圳市,罗湖区翠园中学,440340056
广东省,深圳市,罗湖区东湖中学,440340057
广东省,深圳市,罗湖区桂园中学,440340058
广东省,深圳市,罗湖区罗湖中学,440340059
广东省,深圳市,罗湖区明珠学校,440340060
广东省,深圳市,罗湖区铁路中学,440340061
广东省,深圳市,罗湖区文锦中学,440340062
广东省,深圳市,罗湖外国语学校初中部,440340063
广东省,深圳市,罗湖外语学校,440340064
广东省,深圳市,南华中学,440340065
广东省,深圳市,南山区华侨城中学,440340066
广东省,深圳市,南山区荔香中学,440340067
广东省,深圳市,南山区龙珠中学,440340068
广东省,深圳市,南山区南山中英文学校,440340069
广东省,深圳市,南山区南头中学,440340070
广东省,深圳市,南山区蛇口学校中学部,440340071
广东省,深圳市,南山区松坪中学,440340072
广东省,深圳市,南山区桃源中学,440340073
广东省,深圳市,南山区同乐学校,440340074
广东省,深圳市,南山区外国语学校,440340075
广东省,深圳市,南山区西丽第二中学,440340076
广东省,深圳市,南山区西丽湖世纪星学校,440340077
广东省,深圳市,南山区星河学校,440340078
广东省,深圳市,南山区学府中学,440340079
广东省,深圳市,南山区育才二中,440340080
广东省,深圳市,南山区中加学校,440340081
广东省,深圳市,平安里学校,440340082
广东省,深圳市,平冈中学,440340083
广东省,深圳市,坪地中学,440340084
广东省,深圳市,沙头角中学,440340085
广东省,深圳市,沙湾中学,440340086
广东省,深圳市,深大师院第二附属学校中学部,440340087
广东省,深圳市,深圳大学师范学院附属中学,440340088
广东省,深圳市,深圳第二高级中学,440340089
广东省,深圳市,深圳高级中学,440340090
广东省,深圳市,深圳市成人中专学校,440340091
广东省,深圳市,深圳市龙岗区南湾学校,440340092
广东省,深圳市,深圳市美中学校,440340093
广东省,深圳市,深圳市南山区百旺学校,440340094
广东省,深圳市,深圳中学,440340095
广东省,深圳市,松泉中学,440340096
广东省,深圳市,笋岗中学,440340097
广东省,深圳市,文惠中学,440340098
广东省,深圳市,新安中学,440340099
广东省,深圳市,行知职业技术学校,440340100
广东省,深圳市,盐田区田东中学,440340101
广东省,深圳市,育新学校,440340102
广东省,深圳市,中央教科所南山区附属学校,440340103
广东省,深圳市,第二外国语学校,440340104
广东省,深圳市,南山实验学校,440340105
广东省,深圳市,南山区弘基学校,440340106
广东省,深圳市,福田区景秀中学,440340108
广东省,深圳市,南山区前海中学,440340109
广东省,深圳市,深圳广播电视大学,440351888
广东省,深圳市,深圳市龙岗区教师进修学校,440352010
广东省,深圳市,深圳元平特殊教育学校,440360001
广东省,深圳市,罗湖港人子弟学校,440370003
广东省,深圳市,南山外国语学校科苑分部,440370005
广东省,珠海市,中山大学,440410558
广东省,珠海市,暨南大学,440410559
广东省,珠海市,北京师范大学珠海分校,440413177
广东省,汕头市,汕头大学,440510560
广东省,汕头市,汕头职业技术学院,440512954
广东省,佛山市,华南师范大学,440610574
广东省,佛山市,广东商学院,440610592
广东省,佛山市,顺德职业技术学院,440610831
广东省,佛山市,佛山科学技术学院,440611847
广东省,佛山市,佛山职业技术学院,440612327
广东省,佛山市,南海师范学校小教,440640001
广东省,江门市,五邑大学,440711349
广东省,江门市,江门职业技术学院,440713711
广东省,江门市,新会师范学校小教,440740001
广东省,江门市,江门教育学院,440751328
广东省,湛江市,湛江海洋大学,440810566
广东省,湛江市,广东医学院,440810571
广东省,湛江市,湛江师范学院,440810579
广东省,湛江市,湛江教育学院,440850853
广东省,茂名市,星海音乐学院,440910587
广东省,茂名市,广州航海高等专科学校,440911106
广东省,茂名市,广东公安高等专科学校,440911110
广东省,茂名市,广东金融学院,440911540
广东省,茂名市,茂名学院,440911656
广东省,茂名市,广东财经职业学院,440912005
广东省,肇庆市,肇庆学院,441210580
广东省,惠州市,惠州学院,441310577
广东省,惠州市,惠州卫生学校,441340001
广东省,惠州市,惠州教育学院,441352009
广东省,梅州市,嘉应学院,441410582
广东省,汕尾市,汕尾职业技术学院,441512765
广东省,清远市,清远职业技术学院,441812958
广东省,清远市,清远中专学校,441840001
广东省,东莞市,东莞理工学院,441911819
广东省,东莞市,东莞理工学院城市学院,441913844
广东省,东莞市,东莞职业技术学院,441914263
广东省,东莞市,东莞师范学校小教,441970001
广东省,中山市,电子科技大学中山学院,442011545
广东省,中山市,中山火炬职业技术学院,442013710
广东省,中山市,中山职业技术学院,442014066
广东省,中山市,中山师范学校小教,442040001
广东省,潮州市,韩山师范学院,445110578
广东省,揭阳市,潮汕职业技术学院,445210965
广东省,揭阳市,揭阳职业技术学院,445212956
广西,南宁市,广西大学,450110593
广西,南宁市,广西医科大学,450110598
广西,南宁市,广西中医学院,450110600
广西,南宁市,广西师范学院,450110603
广西,南宁市,南宁师范高等专科学校,450110604
广西,南宁市,广西艺术学院,450110607
广西,南宁市,广西民族学院,450110608
广西,南宁市,广西机电职业技术学院,450110867
广西,南宁市,南宁职业技术学院,450111355
广西,南宁市,广西财经学院,450111548
广西,南宁市,邕江大学,450111549
广西,南宁市,广西水利电力职业技术学院,450111608
广西,南宁市,广西职业技术学院,450111773
广西,南宁市,广西交通职业技术学院,450112356
广西,南宁市,广西工业职业技术学院,450112364
广西,南宁市,广西农业职业技术学院,450112382
广西,南宁市,广西民族大学相思湖学院,450113640
广西,南宁市,广西工商职业技术学院,450113828
广西,南宁市,广西电力职业技术学院,450113831
广西,南宁市,广西城市职业学院,450113920
广西,南宁市,广西对外经济贸易学校,450140001
广西,南宁市,广西壮族自治区经济管理干部学院,450150869
广西,南宁市,广西教育学院,450150870
广西,南宁市,广西壮族自治区广播电视大学,450151338
广西,南宁市,广西政法管理干部学院,450151340
广西,柳州市,柳州师范高等专科学校,450211546
广西,柳州市,广西职业技术学院,450211773
广西,柳州市,柳州医学高等专科学校,450212069
广西,柳州市,柳州职业技术学院,450212104
广西,柳州市,广西生态工程职业技术学院,450212344
广西,柳州市,柳州运输职业技术学院,450212392
广西,柳州市,柳州城市职业学院,450214067
广西,桂林市,桂林电子科技大学,450310595
广西,桂林市,桂林工学院,450310596
广西,桂林市,桂林医学院,450310601
广西,桂林市,广西师范大学,450310602
广西,桂林市,南宁师范高等专科学校,450310604
广西,桂林市,桂林航天工业高等专科学校,450311825
广西,桂林市,桂林旅游高等专科学校,450311837
广西,桂林市,桂林中学,450340001
广西,桂林市,桂林教育学院,450352011
广西,桂林市,中国地质科学院,450382501
广西,梧州市,广西大学梧州分校,450411354
广西,北海市,北海艺术设计职业学院,450513524
广西,北海市,广西北海宏源足球职业学院,450519505
广西,钦州市,钦州学院,450711607
广西,玉林市,玉林师范学院,450910606
广西,百色市,右江民族医学院,451010599
广西,百色市,百色学院,451010609
广西,贺州市,贺州学院,451111838
广西,河池市,河池师范高等专科学校,451210605
广西,河池市,河池职业学院,451219506
海南省,海口市,海南大学,460110589
海南省,海口市,琼州学院,460111100
海南省,海口市,海南师范大学,460111658
海南省,海口市,海南医学院,460111810
海南省,海口市,海南职业技术学院,460111999
海南省,海口市,海南政法职业学院,460113576
海南省,海口市,海南外国语职业学院,460113577
海南省,海口市,海南经贸职业技术学院,460113875
海南省,海口市,第二十五小学,460130001
海南省,海口市,海口市第九小学,460130002
海南省,海口市,海口市第一中学,460140001
海南省,海口市,海口市华侨中学,460140002
海南省,海口市,第七中学,460140003
海南省,海口市,第十中学,460140004
海南省,海口市,海南粮食学校,460140005
海南省,海口市,海南省技工学校,460140006
海南省,海口市,海南省教育学院,460140007
海南省,海口市,海南省农垦中学,460140008
海南省,海口市,海南省农业学校,460140009
海南省,海口市,海南卫生学校,460140010
海南省,海口市,海南中学,460140011
海南省,海口市,景山中学,460140012
海南省,海口市,琼海加积二中,460140013
海南省,海口市,琼海加积中学,460140014
海南省,海口市,琼海塔洋中学,460140015
海南省,海口市,琼海万泉中学,460140016
海南省,海口市,琼海卫生学校,460140017
海南省,海口市,琼海职工中学,460140018
海南省,海口市,琼山中学,460140019
海南省,海口市,海口市实验中学,460140020
海南省,海口市,海南立达学园,460140021
海南省,海口市,海南省广播电视大学,460151865
海南省,海口市,海口市技工学校,460170001
海南省,三亚市,琼州学院,460211100
海南省,三亚市,海南软件职业技术学院,460213575
海南省,三亚市,海南大学三亚学院,460213892
海南省,三亚市,三亚航空旅游职业学院,460213931
海南省,三亚市,三亚市第一小学,460230001
海南省,三亚市,三亚市实验小学,460230002
海南省,三亚市,三亚市第二中学,460240001
海南省,三亚市,三亚市第一中学,460240002
海南省,三亚市,三亚市第三中学,460240003
海南省,五指山市,湖南师范大学,469010542
海南省,五指山市,海南大学,469010589
海南省,五指山市,琼州学院,469011100
海南省,五指山市,琼台师范高等专科学校,469013811
海南省,五指山市,儋州市卫生学校,469040001
海南省,五指山市,海南省民族师范学校,469040002
海南省,五指山市,海南省通什农校,469040003
海南省,五指山市,那大二中,469040004
海南省,五指山市,那大三中,469040005
海南省,五指山市,那大四中,469040006
海南省,五指山市,那大中学,469040007
海南省,五指山市,文昌华侨中学,469040008
海南省,五指山市,文昌中学,469040009
海南省,五指山市,海南省民族技工学校,469070002
重庆市,重庆市,四川大学,500110610
重庆市,重庆市,重庆大学,500110611
重庆市,重庆市,重庆邮电学院,500110617
重庆市,重庆市,重庆交通学院,500110618
重庆市,重庆市,西南农业大学,500110625
重庆市,重庆市,重庆医科大学,500110631
重庆市,重庆市,西南师范大学,500110635
重庆市,重庆市,重庆师范大学,500110637
重庆市,重庆市,重庆文理学院,500110642
重庆市,重庆市,重庆三峡学院,500110643
重庆市,重庆市,涪陵师范学院,500110647
重庆市,重庆市,四川外语学院,500110650
重庆市,重庆市,西南政法大学,500110652
重庆市,重庆市,四川美术学院,500110655
重庆市,重庆市,重庆电子职业技术学院,500110870
重庆市,重庆市,重庆科技学院,500111551
重庆市,重庆市,重庆理工大学,500111660
重庆市,重庆市,重庆工商大学,500111799
重庆市,重庆市,重庆电力高等专科学校,500111848
重庆市,重庆市,重庆警官职业学院,500112757
重庆市,重庆市,重庆城市管理职业学院,500112758
重庆市,重庆市,重庆工程职业技术学院,500112759
重庆市,重庆市,重庆师范大学涉外商贸学院,500113589
重庆市,重庆市,重庆工商大学融智学院,500113590
重庆市,重庆市,重庆工商大学派斯学院,500113591
重庆市,重庆市,重庆民生职业技术学院,500113968
重庆市,重庆市,重庆科创职业学院,500114173
重庆市,重庆市,重庆建筑工程职业学院,500114183
重庆市,重庆市,重庆商务职业学院,500114246
重庆市,重庆市,重庆市南开中学校,500140001
重庆市,重庆市,重庆教育学院,500150938
重庆市,重庆市,重庆广播电视大学,500151866
重庆市,重庆市,中国人民解放军第三军医大学,500190308
四川省,成都市,四川大学,510110610
四川省,成都市,西南交通大学,510110613
四川省,成都市,电子科技大学,510110614
四川省,成都市,成都理工大学,510110616
四川省,成都市,成都信息工程学院,510110621
四川省,成都市,西华大学,510110623
四川省,成都市,成都中医药大学,510110633
四川省,成都市,四川师范大学,510110636
四川省,成都市,西南财经大学,510110651
四川省,成都市,成都体育学院,510110653
四川省,成都市,四川音乐学院,510110654
四川省,成都市,西南民族大学,510110656
四川省,成都市,成都大学,510111079
四川省,成都市,成都电子机械高等专科学校,510111116
四川省,成都市,四川烹饪高等专科学校,510111552
四川省,成都市,成都纺织高等专科学校,510111553
四川省,成都市,民办四川天一学院,510111841
四川省,成都市,成都航空职业技术学院,510112064
四川省,成都市,成都职业技术学院,510112635
四川省,成都市,成都东软学院,510112636
四川省,成都市,四川水利职业技术学院,510112638
四川省,成都市,四川航天职业技术学院,510112641
四川省,成都市,四川邮电职业技术学院,510112642
四川省,成都市,四川交通职业技术学院,510112761
四川省,成都市,四川工商职业技术学院,510112762
四川省,成都市,四川托普信息技术职业学院,510112963
四川省,成都市,四川国际标榜职业学院,510112964
四川省,成都市,成都艺术职业学院,510112969
四川省,成都市,成都理工大学广播影视学院,510113669
四川省,成都市,四川师范大学成都学院,510113672
四川省,成都市,四川外语学院成都学院,510113673
四川省,成都市,成都医学院,510113705
四川省,成都市,四川商务职业学院,510113812
四川省,成都市,四川文化传媒职业学院,510114004
四川省,成都市,四川科技职业学院,510114070
四川省,成都市,四川文化产业职业学院,510114086
四川省,成都市,四川财经职业学院,510114091
四川省,成都市,四川电子职业技术学院,510119516
四川省,成都市,成都市实验三原外国语学校,510140001
四川省,成都市,大弯中学,510140002
四川省,成都市,四川教育学院,510150937
四川省,成都市,四川广播电视大学,510151341
四川省,成都市,西南电子设备研究所,510170001
四川省,成都市,中国兵器科学研究院（西南技术物理研究所）,510183105
四川省,自贡市,四川轻化工学院,510310622
四川省,自贡市,自贡师范高等专科学校,510311357
四川省,攀枝花市,攀枝花学院,510411360
四川省,泸州市,泸州医学院,510510632
四川省,泸州市,四川警察学院,510512212
四川省,泸州市,四川化工职业技术学院,510512637
四川省,泸州市,泸州职业技术学院,510512967
四川省,泸州市,四川三河职业学院,510519517
四川省,德阳市,中国民用航空飞行学院,510610624
四川省,德阳市,四川工程职业技术学院,510612763
四川省,德阳市,四川建筑职业技术学院,510612764
四川省,德阳市,四川司法警官职业学院,510613813
四川省,绵阳市,西南科技大学,510710619
四川省,绵阳市,绵阳师范学院,510710639
四川省,绵阳市,绵阳职业技术学院,510712753
四川省,绵阳市,四川中医药高等专科学校,510714010
四川省,遂宁市,四川职业技术学院,510912970
四川省,内江市,内江师范学院,511010640
四川省,内江市,内江职业技术学院,511012640
四川省,乐山市,乐山师范学院,511110649
四川省,乐山市,乐山职业技术学院,511113048
四川省,乐山市,成都理工大学工程技术学院,511113668
四川省,南充市,西南石油大学,511310615
四川省,南充市,川北医学院,511310634
四川省,南充市,西华师范大学,511310638
四川省,南充市,南充职业技术学院,511312639
四川省,南充市,西南交通大学希望学院,511314262
四川省,眉山市,眉山职业技术学院,511412968
四川省,宜宾市,宜宾学院,511510641
四川省,宜宾市,宜宾职业技术学院,511512966
四川省,广安市,广安职业技术学院,511613814
四川省,达州市,四川文理学院,511710644
四川省,达州市,达州职业技术学院,511712767
四川省,雅安市,四川农业大学,511810626
四川省,雅安市,雅安职业技术学院,511813049
四川省,康定县,四川民族学院,513311661
四川省,西昌市,西昌学院,513410628
贵州省,贵阳市,贵州大学,520110657
贵州省,贵阳市,贵州工业大学,520110658
贵州省,贵阳市,贵阳医学院,520110660
贵州省,贵阳市,贵阳中医学院,520110662
贵州省,贵阳市,贵州师范大学,520110663
贵州省,贵阳市,贵州财经学院,520110671
贵州省,贵阳市,贵州民族学院,520110672
贵州省,贵阳市,贵阳学院,520110976
贵州省,贵阳市,贵州商业高等专科学校,520111731
贵州省,贵阳市,贵州交通职业技术学院,520112222
贵州省,贵阳市,贵州科技工程职业学院,520113052
贵州省,贵阳市,贵州电力职业技术学院,520113053
贵州省,贵阳市,贵阳护理职业学院,520114083
贵州省,贵阳市,贵州师范学院,520114223
贵州省,贵阳市,贵州广播电视大学,520151352
贵州省,贵阳市,贵州行政干部管理学校,520152012
贵州省,六盘水,六盘水职业技术学院,520213054
贵州省,遵义市,遵义医学院,520310661
贵州省,遵义市,遵义师范学院,520310664
贵州省,遵义市,遵义医药高等专科学校,520314011
贵州省,安顺市,安顺学院,520410667
贵州省,铜仁市,铜仁学院,522210665
贵州省,兴义市,黔西南民族师范高等专科学校,522310666
贵州省,兴义市,黔西南民族职业技术学院,522313817
贵州省,毕节市,毕节学院,522410668
贵州省,凯里市,凯里学院,522610669
贵州省,凯里市,黔东南民族职业技术学院,522612822
贵州省,都匀市,黔南民族师范学院,522710670
云南省,昆明市,云南大学,530110673
云南省,昆明市,昆明理工大学,530110674
云南省,昆明市,云南农业大学,530110676
云南省,昆明市,西南林学院,530110677
云南省,昆明市,昆明医学院,530110678
云南省,昆明市,云南中医学院,530110680
云南省,昆明市,云南师范大学,530110681
云南省,昆明市,昆明师范高等专科学校,530110682
云南省,昆明市,云南财经大学,530110689
云南省,昆明市,云南艺术学院,530110690
云南省,昆明市,云南民族大学,530110691
云南省,昆明市,云南公安高等专科学校,530111392
云南省,昆明市,昆明大学,530111393
云南省,昆明市,昆明冶金高等专科学校,530111557
云南省,昆明市,云南交通职业技术学院,530112357
云南省,昆明市,云南农业职业技术学院,530112555
云南省,昆明市,云南科技信息职业学院,530112825
云南省,昆明市,云南师范大学商学院,530113330
云南省,昆明市,云南省化工学校,530140001
云南省,昆明市,昆明铁路机械学校,530140002
云南省,昆明市,云南广播电视大学,530151357
云南省,昆明市,云南教育学院,530152028
云南省,曲靖市,曲靖师范学院,530310684
云南省,玉溪市,玉溪师范学院,530411390
云南省,玉溪市,云南省广播电视大学,530451357
云南省,保山市,保山师范高等专科学校,530510686
云南省,昭通市,昭通师范高等专科学校,530610683
云南省,思茅市,思茅师范高等专科学校,530810685
云南省,楚雄市,楚雄师范学院,532311391
云南省,个旧市,红河学院,532510687
云南省,大理市,大理学院,532910679
西藏,拉萨市,西藏大学,540110694
西藏,拉萨市,西藏藏医学院,540110696
陕西省,西安市,西北大学,610110697
陕西省,西安市,西安交通大学,610110698
陕西省,西安市,西北工业大学,610110699
陕西省,西安市,西安理工大学,610110700
陕西省,西安市,西安电子科技大学,610110701
陕西省,西安市,西安工业大学,610110702
陕西省,西安市,西安建筑科技大学,610110703
陕西省,西安市,西安科技大学,610110704
陕西省,西安市,西安石油大学,610110705
陕西省,西安市,陕西科技大学,610110708
陕西省,西安市,西安工程大学,610110709
陕西省,西安市,长安大学,610110710
陕西省,西安市,西北农林科技大学,610110712
陕西省,西安市,陕西师范大学,610110718
陕西省,西安市,西安外国语大学,610110724
陕西省,西安市,西北政法学院,610110726
陕西省,西安市,西安体育学院,610110727
陕西省,西安市,西安音乐学院,610110728
陕西省,西安市,西安美术学院,610110729
陕西省,西安市,杨凌职业技术学院,610110966
陕西省,西安市,西安文理学院,610111080
陕西省,西安市,西安财经学院,610111560
陕西省,西安市,西安邮电学院,610111664
陕西省,西安市,西安航空技术高等专科学校,610111736
陕西省,西安市,西安电力高等专科学校,610111826
陕西省,西安市,西安医学院,610111840
陕西省,西安市,陕西能源职业技术学院,610112510
陕西省,西安市,西安欧亚学院,610112712
陕西省,西安市,西安外事学院,610112713
陕西省,西安市,西安翻译学院,610112714
陕西省,西安市,西京学院,610112715
陕西省,西安市,陕西交通职业技术学院,610112830
陕西省,西安市,陕西职业技术学院,610112831
陕西省,西安市,西安三资职业学院,610113124
陕西省,西安市,西安科技商贸职业学院,610113569
陕西省,西安市,西安交通大学城市学院,610113677
陕西省,西安市,延安大学西安创新学院,610113683
陕西省,西安市,西安海棠职业学院,610113737
陕西省,西安市,西安汽车科技职业学院,610113738
陕西省,西安市,陕西警官职业学院,610113819
陕西省,西安市,西安铁路职业技术学院,610113945
陕西省,西安市,陕西工商职业学院,610114029
陕西省,西安市,西北税务学校,610140001
陕西省,西安市,西安航空职工大学,610150989
陕西省,西安市,陕西教育学院,610151025
陕西省,西安市,西安广播电视大学,610152021
陕西省,西安市,中国航天科技集团公司第五研究院（504所）,610183269
陕西省,西安市,电信科学技术研究院（第四研究所）,610184003
陕西省,西安市,中国人民解放军西安通信学院,610190012
陕西省,西安市,空军工程大学,610190052
陕西省,西安市,中国人民解放军第二炮兵工程学院,610190058
陕西省,西安市,中国人民解放军第四军医大学,610190305
陕西省,西安市,中国人民武装警察部队工程学院,610190306
陕西省,铜川市,铜川职业技术学院,610213953
陕西省,宝鸡市,宝鸡文理学院,610310721
陕西省,宝鸡市,宝鸡职业技术学院,610313567
陕西省,咸阳市,西藏民族学院,610410695
陕西省,咸阳市,陕西科技大学,610410708
陕西省,咸阳市,西北农林科技大学,610410712
陕西省,咸阳市,陕西中医学院,610410716
陕西省,咸阳市,咸阳师范学院,610410722
陕西省,咸阳市,陕西财经职业技术学院,610412829
陕西省,咸阳市,陕西国际商贸学院,610413123
陕西省,咸阳市,陕西服装艺术职业学院,610413125
陕西省,咸阳市,咸阳职业技术学院,610413946
陕西省,渭南市,渭南师范学院,610510723
陕西省,渭南市,渭南职业技术学院,610513951
陕西省,延安市,延安大学,610610719
陕西省,汉中市,陕西理工学院,610710720
陕西省,汉中市,陕西航空职业技术学院,610713568
陕西省,榆林市,榆林学院,610811395
陕西省,安康市,安康学院,610911397
陕西省,商洛市,商洛学院,611011396
甘肃省,兰州市,兰州大学,620110730
甘肃省,兰州市,兰州理工大学,620110731
甘肃省,兰州市,兰州铁道学院,620110732
甘肃省,兰州市,甘肃农业大学,620110733
甘肃省,兰州市,西北师范大学,620110736
甘肃省,兰州市,兰州城市学院,620110737
甘肃省,兰州市,兰州商学院,620110741
甘肃省,兰州市,西北民族大学,620110742
甘肃省,兰州市,兰州石化职业技术学院,620110838
甘肃省,兰州市,甘肃政法学院,620111406
甘肃省,兰州市,甘肃联合大学,620111562
甘肃省,兰州市,兰州工业高等专科学校,620111807
甘肃省,兰州市,兰州外语职业学院,620112832
甘肃省,兰州市,兰州职业技术学院,620112833
甘肃省,兰州市,兰州商学院陇桥学院,620113511
甘肃省,兰州市,兰州交通大学博文学院,620113514
甘肃省,兰州市,甘肃交通职业技术学院,620113519
甘肃省,兰州市,兰州资源环境职业技术学院,620113933
甘肃省,兰州市,兰州城市建设学校,620140001
甘肃省,兰州市,兰州炼油化工总厂技工学校,620140002
甘肃省,兰州市,西北师范大学附属中学,620140003
甘肃省,兰州市,甘肃广播电视大学,620151374
甘肃省,兰州市,兰州教育学院,620151700
甘肃省,嘉峪关市,甘肃钢铁职业技术学院,620214131
甘肃省,金昌市,甘肃有色冶金职业技术学院,620319504
甘肃省,天水市,天水师范学院,620510739
甘肃省,天水市,甘肃林业职业技术学院,620512835
甘肃省,天水市,甘肃工业职业技术学院,620512836
甘肃省,武威市,武威职业学院,620613518
甘肃省,张掖市,河西学院,620710740
甘肃省,张掖市,张掖医学高等专科学校,620711809
甘肃省,平凉市,平凉医学高等专科学校,620811805
甘肃省,酒泉市,酒泉职业技术学院,620912539
甘肃省,庆阳市(西峰),陇东学院,621010738
甘肃省,定西市,定西师范高等专科学校,621111808
甘肃省,合作市,甘肃民族师范学院,623011561
青海省,西宁市,青海大学,630110743
青海省,西宁市,青海医学院,630110745
青海省,西宁市,青海师范大学,630110746
青海省,西宁市,青海师范高等专科学校,630110747
青海省,西宁市,青海民族大学,630110748
青海省,西宁市,青海卫生职业技术学院,630112562
青海省,西宁市,青海警官职业学院,630112852
青海省,西宁市,青海畜牧兽医职业技术学院,630112972
青海省,西宁市,青海交通职业技术学院,630112973
青海省,西宁市,青海建筑职业技术学院,630112974
青海省,西宁市,青海广播电视大学,630151382
青海省,西宁市,中共青海省委党校,630189663
宁夏,银川市,宁夏大学,640110749
宁夏,银川市,宁夏医学院,640110752
宁夏,银川市,北方民族大学,640111407
宁夏,银川市,宁夏财经职业技术学院,640113088
宁夏,银川市,宁夏司法警官职业学院,640113089
宁夏,银川市,宁夏建设职业技术学院,640113151
宁夏,银川市,宁夏大学新华学院,640113325
宁夏,银川市,银川科技职业学院,640113820
宁夏,银川市,银川电力工业学校,640140001
宁夏,银川市,宁夏广播电视大学,640151383
宁夏,固原市,宁夏师范学院,640410753
新疆,乌鲁木齐市,新疆大学,650110755
新疆,乌鲁木齐市,新疆农业大学,650110758
新疆,乌鲁木齐市,新疆医科大学,650110760
新疆,乌鲁木齐市,新疆师范大学,650110762
新疆,乌鲁木齐市,新疆财经大学,650110766
新疆,乌鲁木齐市,新疆艺术学院,650110768
新疆,乌鲁木齐市,新疆工业高等专科学校,650110994
新疆,乌鲁木齐市,乌鲁木齐职业大学,650111565
新疆,乌鲁木齐市,新疆机电职业技术学院,650112513
新疆,乌鲁木齐市,新疆轻工职业技术学院,650112514
新疆,乌鲁木齐市,新疆警官高等专科学校,650112734
新疆,乌鲁木齐市,新疆天山职业技术学院,650113727
新疆,乌鲁木齐市,新疆交通学校,650113926
新疆,乌鲁木齐市,新疆职业大学,650114138
新疆,乌鲁木齐市,乌鲁木齐经济技术中学,650140001
新疆,乌鲁木齐市,乌鲁木齐七中,650140002
新疆,乌鲁木齐市,乌鲁木齐中学,650140003
新疆,乌鲁木齐市,新疆钢铁学校,650140004
新疆,乌鲁木齐市,新疆机械电子工业学校,650140005
新疆,乌鲁木齐市,新疆商业学校,650140006
新疆,乌鲁木齐市,新疆生产建设兵团第二中学,650140007
新疆,乌鲁木齐市,新疆职工大学,650151068
新疆,乌鲁木齐市,新疆生产建设兵团广播电视大学,650151210
新疆,乌鲁木齐市,新疆教育学院,650151592
新疆,乌鲁木齐市,新疆石油学院,650151716
新疆,乌鲁木齐市,中国农业科学院,650182101
新疆,乌鲁木齐市,武警乌鲁木齐指挥学校,650190307
新疆,昌吉市,新疆农业大学,652310758
新疆,昌吉市,昌吉学院,652310997
新疆,库尔勒市,库尔勒市华山中学,652840001
新疆,阿克苏市,阿克苏职业技术学院,652913093
新疆,喀什市,喀什师范学院,653110763
新疆,和田市,新疆维吾尔医学专科学校,653211818
新疆,伊宁县,伊犁师范学院,654010764
新疆,伊宁县,伊犁职业技术学院,654012975
新疆,伊宁县,伊犁州广播电视大学,654052026
新疆,石河子市,塔里木大学,659010757
新疆,石河子市,石河子大学,659010759
新疆,石河子市,新疆兵团警官高等专科学校,659011776
新疆,石河子市,新疆科技学院,659013558
新疆,石河子市,石河子职业技术学院,659013956
